seed,problem,generation,pre_selection_fail_pool_size,pre_selection_success_pool_size,post_selection_fail_pool_size,post_selection_success_pool_size,generation_outcome
1001,Prob001_accu,1,0,8,0,8,completed
1001,Prob001_accu,2,0,8,0,8,completed
1001,Prob001_accu,3,0,8,0,8,completed
1001,Prob001_accu,4,0,8,0,8,completed
1001,Prob001_accu,5,0,8,0,8,completed
1001,Prob002_adder_16bit,1,0,8,0,8,completed
1001,Prob002_adder_16bit,2,0,8,0,8,completed
1001,Prob002_adder_16bit,3,0,8,0,8,completed
1001,Prob002_adder_16bit,4,0,8,0,8,completed
1001,Prob002_adder_16bit,5,0,8,0,8,completed
1001,Prob003_adder_32bit,1,0,8,0,8,completed
1001,Prob003_adder_32bit,2,0,8,0,8,completed
1001,Prob003_adder_32bit,3,0,8,0,8,completed
1001,Prob003_adder_32bit,4,0,8,0,8,completed
1001,Prob003_adder_32bit,5,0,8,0,8,completed
1001,Prob004_adder_8bit,1,8,0,1,7,completed
1001,Prob004_adder_8bit,2,1,7,0,8,completed
1001,Prob004_adder_8bit,3,0,8,0,8,completed
1001,Prob004_adder_8bit,4,0,8,0,8,completed
1001,Prob004_adder_8bit,5,0,8,0,8,completed
1001,Prob005_adder_bcd,1,0,8,0,8,completed
1001,Prob005_adder_bcd,2,0,8,0,8,completed
1001,Prob005_adder_bcd,3,0,8,0,8,completed
1001,Prob005_adder_bcd,4,0,8,0,8,completed
1001,Prob005_adder_bcd,5,0,8,0,8,completed
1001,Prob006_adder_pipe_64bit,1,8,0,8,0,completed
1001,Prob006_adder_pipe_64bit,2,8,0,8,0,completed
1001,Prob006_adder_pipe_64bit,3,8,0,8,0,completed
1001,Prob006_adder_pipe_64bit,4,8,0,8,0,completed
1001,Prob006_adder_pipe_64bit,5,8,0,8,0,completed
1001,Prob007_comparator_3bit,1,0,8,0,8,completed
1001,Prob007_comparator_3bit,2,0,8,0,8,completed
1001,Prob007_comparator_3bit,3,0,8,0,8,completed
1001,Prob007_comparator_3bit,4,0,8,0,8,completed
1001,Prob007_comparator_3bit,5,0,8,0,8,completed
1001,Prob008_comparator_4bit,1,1,7,0,8,completed
1001,Prob008_comparator_4bit,2,0,8,0,8,completed
1001,Prob008_comparator_4bit,3,0,8,0,8,completed
1001,Prob008_comparator_4bit,4,0,8,0,8,completed
1001,Prob008_comparator_4bit,5,0,8,0,8,completed
1001,Prob009_div_16bit,1,3,5,0,8,completed
1001,Prob009_div_16bit,2,0,8,0,8,completed
1001,Prob009_div_16bit,3,0,8,0,8,completed
1001,Prob009_div_16bit,4,0,8,0,8,completed
1001,Prob009_div_16bit,5,0,8,0,8,completed
1001,Prob010_radix2_div,1,8,0,8,0,completed
1001,Prob010_radix2_div,2,8,0,8,0,completed
1001,Prob010_radix2_div,3,8,0,8,0,completed
1001,Prob010_radix2_div,4,8,0,8,0,completed
1001,Prob010_radix2_div,5,8,0,8,0,completed
1001,Prob011_multi_16bit,1,0,8,0,8,completed
1001,Prob011_multi_16bit,2,0,8,0,8,completed
1001,Prob011_multi_16bit,3,0,8,0,8,completed
1001,Prob011_multi_16bit,4,0,8,0,8,completed
1001,Prob011_multi_16bit,5,0,8,0,8,completed
1001,Prob012_multi_8bit,1,0,8,0,8,completed
1001,Prob012_multi_8bit,2,0,8,0,8,completed
1001,Prob012_multi_8bit,3,0,8,0,8,completed
1001,Prob012_multi_8bit,4,0,8,0,8,completed
1001,Prob012_multi_8bit,5,0,8,0,8,completed
1001,Prob013_multi_booth_8bit,1,8,0,7,1,completed
1001,Prob013_multi_booth_8bit,2,7,1,7,1,completed
1001,Prob013_multi_booth_8bit,3,7,1,4,4,completed
1001,Prob013_multi_booth_8bit,4,4,4,3,5,completed
1001,Prob013_multi_booth_8bit,5,3,5,2,6,completed
1001,Prob014_multi_pipe_4bit,1,8,0,8,0,completed
1001,Prob014_multi_pipe_4bit,2,8,0,8,0,completed
1001,Prob014_multi_pipe_4bit,3,8,0,8,0,completed
1001,Prob014_multi_pipe_4bit,4,8,0,8,0,completed
1001,Prob014_multi_pipe_4bit,5,8,0,8,0,completed
1001,Prob015_multi_pipe_8bit,1,7,1,5,3,completed
1001,Prob015_multi_pipe_8bit,2,5,3,2,6,completed
1001,Prob015_multi_pipe_8bit,3,2,6,0,8,completed
1001,Prob015_multi_pipe_8bit,4,0,8,0,8,completed
1001,Prob015_multi_pipe_8bit,5,0,8,0,8,completed
1001,Prob016_fixed_point_adder,1,8,0,8,0,completed
1001,Prob016_fixed_point_adder,2,8,0,8,0,completed
1001,Prob016_fixed_point_adder,3,8,0,8,0,completed
1001,Prob016_fixed_point_adder,4,8,0,8,0,completed
1001,Prob016_fixed_point_adder,5,8,0,8,0,completed
1001,Prob017_fixed_point_substractor,1,8,0,8,0,completed
1001,Prob017_fixed_point_substractor,2,8,0,8,0,completed
1001,Prob017_fixed_point_substractor,3,8,0,8,0,completed
1001,Prob017_fixed_point_substractor,4,8,0,8,0,completed
1001,Prob017_fixed_point_substractor,5,8,0,8,0,completed
1001,Prob018_float_multi,1,5,3,3,5,completed
1001,Prob018_float_multi,2,3,5,0,8,completed
1001,Prob018_float_multi,3,0,8,0,8,completed
1001,Prob018_float_multi,4,0,8,0,8,completed
1001,Prob018_float_multi,5,0,8,0,8,completed
1001,Prob019_sub_64bit,1,0,8,0,8,completed
1001,Prob019_sub_64bit,2,0,8,0,8,completed
1001,Prob019_sub_64bit,3,0,8,0,8,completed
1001,Prob019_sub_64bit,4,0,8,0,8,completed
1001,Prob019_sub_64bit,5,0,8,0,8,completed
1001,Prob020_JC_counter,1,0,8,0,8,completed
1001,Prob020_JC_counter,2,0,8,0,8,completed
1001,Prob020_JC_counter,3,0,8,0,8,completed
1001,Prob020_JC_counter,4,0,8,0,8,completed
1001,Prob020_JC_counter,5,0,8,0,8,completed
1001,Prob021_counter_12,1,0,8,0,8,completed
1001,Prob021_counter_12,2,0,8,0,8,completed
1001,Prob021_counter_12,3,0,8,0,8,completed
1001,Prob021_counter_12,4,0,8,0,8,completed
1001,Prob021_counter_12,5,0,8,0,8,completed
1001,Prob022_ring_counter,1,8,0,8,0,completed
1001,Prob022_ring_counter,2,8,0,8,0,completed
1001,Prob022_ring_counter,3,8,0,8,0,completed
1001,Prob022_ring_counter,4,8,0,8,0,completed
1001,Prob022_ring_counter,5,8,0,8,0,completed
1001,Prob023_up_down_counter,1,0,8,0,8,completed
1001,Prob023_up_down_counter,2,0,8,0,8,completed
1001,Prob023_up_down_counter,3,0,8,0,8,completed
1001,Prob023_up_down_counter,4,0,8,0,8,completed
1001,Prob023_up_down_counter,5,0,8,0,8,completed
1001,Prob024_fsm,1,8,0,7,1,completed
1001,Prob024_fsm,2,7,1,5,3,completed
1001,Prob024_fsm,3,5,3,0,8,completed
1001,Prob024_fsm,4,0,8,0,8,completed
1001,Prob024_fsm,5,0,8,0,8,completed
1001,Prob025_sequence_detector,1,8,0,5,3,completed
1001,Prob025_sequence_detector,2,5,3,3,5,completed
1001,Prob025_sequence_detector,3,3,5,3,5,completed
1001,Prob025_sequence_detector,4,3,5,1,7,completed
1001,Prob025_sequence_detector,5,1,7,0,8,completed
1001,Prob026_asyn_fifo,1,8,0,8,0,completed
1001,Prob026_asyn_fifo,2,8,0,8,0,completed
1001,Prob026_asyn_fifo,3,8,0,8,0,completed
1001,Prob026_asyn_fifo,4,8,0,8,0,completed
1001,Prob026_asyn_fifo,5,8,0,8,0,completed
1001,Prob027_LIFObuffer,1,1,7,0,8,completed
1001,Prob027_LIFObuffer,2,0,8,0,8,completed
1001,Prob027_LIFObuffer,3,0,8,0,8,completed
1001,Prob027_LIFObuffer,4,0,8,0,8,completed
1001,Prob027_LIFObuffer,5,0,8,0,8,completed
1001,Prob028_LFSR,1,8,0,8,0,completed
1001,Prob028_LFSR,2,8,0,8,0,completed
1001,Prob028_LFSR,3,8,0,8,0,completed
1001,Prob028_LFSR,4,8,0,8,0,completed
1001,Prob028_LFSR,5,8,0,8,0,completed
1001,Prob029_barrel_shifter,1,8,0,8,0,completed
1001,Prob029_barrel_shifter,2,8,0,7,1,completed
1001,Prob029_barrel_shifter,3,7,1,7,1,completed
1001,Prob029_barrel_shifter,4,7,1,7,1,completed
1001,Prob029_barrel_shifter,5,7,1,7,1,completed
1001,Prob030_right_shifter,1,0,8,0,8,completed
1001,Prob030_right_shifter,2,0,8,0,8,completed
1001,Prob030_right_shifter,3,0,8,0,8,completed
1001,Prob030_right_shifter,4,0,8,0,8,completed
1001,Prob030_right_shifter,5,0,8,0,8,completed
1001,Prob031_freq_div,1,0,8,0,8,completed
1001,Prob031_freq_div,2,0,8,0,8,completed
1001,Prob031_freq_div,3,0,8,0,8,completed
1001,Prob031_freq_div,4,0,8,0,8,completed
1001,Prob031_freq_div,5,0,8,0,8,completed
1001,Prob032_freq_divbyeven,1,8,0,8,0,completed
1001,Prob032_freq_divbyeven,2,8,0,8,0,completed
1001,Prob032_freq_divbyeven,3,8,0,8,0,completed
1001,Prob032_freq_divbyeven,4,8,0,8,0,completed
1001,Prob032_freq_divbyeven,5,8,0,8,0,completed
1001,Prob033_freq_divbyfrac,1,8,0,8,0,completed
1001,Prob033_freq_divbyfrac,2,8,0,8,0,completed
1001,Prob033_freq_divbyfrac,3,8,0,8,0,completed
1001,Prob033_freq_divbyfrac,4,8,0,8,0,completed
1001,Prob033_freq_divbyfrac,5,8,0,8,0,completed
1001,Prob034_freq_divbyodd,1,8,0,8,0,completed
1001,Prob034_freq_divbyodd,2,8,0,8,0,completed
1001,Prob034_freq_divbyodd,3,8,0,8,0,completed
1001,Prob034_freq_divbyodd,4,8,0,8,0,completed
1001,Prob034_freq_divbyodd,5,8,0,8,0,completed
1001,Prob035_calendar,1,0,8,0,8,completed
1001,Prob035_calendar,2,0,8,0,8,completed
1001,Prob035_calendar,3,0,8,0,8,completed
1001,Prob035_calendar,4,0,8,0,8,completed
1001,Prob035_calendar,5,0,8,0,8,completed
1001,Prob036_edge_detect,1,0,8,0,8,completed
1001,Prob036_edge_detect,2,0,8,0,8,completed
1001,Prob036_edge_detect,3,0,8,0,8,completed
1001,Prob036_edge_detect,4,0,8,0,8,completed
1001,Prob036_edge_detect,5,0,8,0,8,completed
1001,Prob037_parallel2serial,1,2,6,1,7,completed
1001,Prob037_parallel2serial,2,1,7,0,8,completed
1001,Prob037_parallel2serial,3,0,8,0,8,completed
1001,Prob037_parallel2serial,4,0,8,0,8,completed
1001,Prob037_parallel2serial,5,0,8,0,8,completed
1001,Prob038_pulse_detect,1,8,0,8,0,completed
1001,Prob038_pulse_detect,2,8,0,8,0,completed
1001,Prob038_pulse_detect,3,8,0,8,0,completed
1001,Prob038_pulse_detect,4,8,0,8,0,completed
1001,Prob038_pulse_detect,5,8,0,8,0,completed
1001,Prob039_serial2parallel,1,8,0,8,0,completed
1001,Prob039_serial2parallel,2,8,0,8,0,completed
1001,Prob039_serial2parallel,3,8,0,8,0,completed
1001,Prob039_serial2parallel,4,8,0,8,0,completed
1001,Prob039_serial2parallel,5,8,0,8,0,completed
1001,Prob040_synchronizer,1,0,8,0,8,completed
1001,Prob040_synchronizer,2,0,8,0,8,completed
1001,Prob040_synchronizer,3,0,8,0,8,completed
1001,Prob040_synchronizer,4,0,8,0,8,completed
1001,Prob040_synchronizer,5,0,8,0,8,completed
1001,Prob041_traffic_light,1,7,1,4,4,completed
1001,Prob041_traffic_light,2,4,4,0,8,completed
1001,Prob041_traffic_light,3,0,8,0,8,completed
1001,Prob041_traffic_light,4,0,8,0,8,completed
1001,Prob041_traffic_light,5,0,8,0,8,completed
1001,Prob042_width_8to16,1,8,0,8,0,completed
1001,Prob042_width_8to16,2,8,0,8,0,completed
1001,Prob042_width_8to16,3,8,0,8,0,completed
1001,Prob042_width_8to16,4,8,0,8,0,completed
1001,Prob042_width_8to16,5,8,0,8,0,completed
1001,Prob043_RAM,1,0,8,0,8,completed
1001,Prob043_RAM,2,0,8,0,8,completed
1001,Prob043_RAM,3,0,8,0,8,completed
1001,Prob043_RAM,4,0,8,0,8,completed
1001,Prob043_RAM,5,0,8,0,8,completed
1001,Prob044_ROM,1,1,7,0,8,completed
1001,Prob044_ROM,2,0,8,0,8,completed
1001,Prob044_ROM,3,0,8,0,8,completed
1001,Prob044_ROM,4,0,8,0,8,completed
1001,Prob044_ROM,5,0,8,0,8,completed
1001,Prob045_alu,1,6,2,4,4,completed
1001,Prob045_alu,2,4,4,1,7,completed
1001,Prob045_alu,3,1,7,0,8,completed
1001,Prob045_alu,4,0,8,0,8,completed
1001,Prob045_alu,5,0,8,0,8,completed
1001,Prob046_clkgenerator,1,8,0,8,0,completed
1001,Prob046_clkgenerator,2,8,0,8,0,completed
1001,Prob046_clkgenerator,3,8,0,8,0,completed
1001,Prob046_clkgenerator,4,8,0,8,0,completed
1001,Prob046_clkgenerator,5,8,0,8,0,completed
1001,Prob047_instr_reg,1,0,8,0,8,completed
1001,Prob047_instr_reg,2,0,8,0,8,completed
1001,Prob047_instr_reg,3,0,8,0,8,completed
1001,Prob047_instr_reg,4,0,8,0,8,completed
1001,Prob047_instr_reg,5,0,8,0,8,completed
1001,Prob048_pe,1,0,8,0,8,completed
1001,Prob048_pe,2,0,8,0,8,completed
1001,Prob048_pe,3,0,8,0,8,completed
1001,Prob048_pe,4,0,8,0,8,completed
1001,Prob048_pe,5,0,8,0,8,completed
1001,Prob049_signal_generator,1,1,7,0,8,completed
1001,Prob049_signal_generator,2,0,8,0,8,completed
1001,Prob049_signal_generator,3,0,8,0,8,completed
1001,Prob049_signal_generator,4,0,8,0,8,completed
1001,Prob049_signal_generator,5,0,8,0,8,completed
1001,Prob050_square_wave,1,0,8,0,8,completed
1001,Prob050_square_wave,2,0,8,0,8,completed
1001,Prob050_square_wave,3,0,8,0,8,completed
1001,Prob050_square_wave,4,0,8,0,8,completed
1001,Prob050_square_wave,5,0,8,0,8,completed
1002,Prob001_accu,1,0,8,0,8,completed
1002,Prob001_accu,2,0,8,0,8,completed
1002,Prob001_accu,3,0,8,0,8,completed
1002,Prob001_accu,4,0,8,0,8,completed
1002,Prob001_accu,5,0,8,0,8,completed
1002,Prob002_adder_16bit,1,0,8,0,8,completed
1002,Prob002_adder_16bit,2,0,8,0,8,completed
1002,Prob002_adder_16bit,3,0,8,0,8,completed
1002,Prob002_adder_16bit,4,0,8,0,8,completed
1002,Prob002_adder_16bit,5,0,8,0,8,completed
1002,Prob003_adder_32bit,1,0,8,0,8,completed
1002,Prob003_adder_32bit,2,0,8,0,8,completed
1002,Prob003_adder_32bit,3,0,8,0,8,completed
1002,Prob003_adder_32bit,4,0,8,0,8,completed
1002,Prob003_adder_32bit,5,0,8,0,8,completed
1002,Prob004_adder_8bit,1,8,0,0,8,completed
1002,Prob004_adder_8bit,2,0,8,0,8,completed
1002,Prob004_adder_8bit,3,0,8,0,8,completed
1002,Prob004_adder_8bit,4,0,8,0,8,completed
1002,Prob004_adder_8bit,5,0,8,0,8,completed
1002,Prob005_adder_bcd,1,0,8,0,8,completed
1002,Prob005_adder_bcd,2,0,8,0,8,completed
1002,Prob005_adder_bcd,3,0,8,0,8,completed
1002,Prob005_adder_bcd,4,0,8,0,8,completed
1002,Prob005_adder_bcd,5,0,8,0,8,completed
1002,Prob006_adder_pipe_64bit,1,8,0,8,0,completed
1002,Prob006_adder_pipe_64bit,2,8,0,8,0,completed
1002,Prob006_adder_pipe_64bit,3,8,0,8,0,completed
1002,Prob006_adder_pipe_64bit,4,8,0,8,0,completed
1002,Prob006_adder_pipe_64bit,5,8,0,8,0,completed
1002,Prob007_comparator_3bit,1,0,8,0,8,completed
1002,Prob007_comparator_3bit,2,0,8,0,8,completed
1002,Prob007_comparator_3bit,3,0,8,0,8,completed
1002,Prob007_comparator_3bit,4,0,8,0,8,completed
1002,Prob007_comparator_3bit,5,0,8,0,8,completed
1002,Prob008_comparator_4bit,1,3,5,0,8,completed
1002,Prob008_comparator_4bit,2,0,8,0,8,completed
1002,Prob008_comparator_4bit,3,0,8,0,8,completed
1002,Prob008_comparator_4bit,4,0,8,0,8,completed
1002,Prob008_comparator_4bit,5,0,8,0,8,completed
1002,Prob009_div_16bit,1,0,8,0,8,completed
1002,Prob009_div_16bit,2,0,8,0,8,completed
1002,Prob009_div_16bit,3,0,8,0,8,completed
1002,Prob009_div_16bit,4,0,8,0,8,completed
1002,Prob009_div_16bit,5,0,8,0,8,completed
1002,Prob010_radix2_div,1,8,0,8,0,completed
1002,Prob010_radix2_div,2,8,0,8,0,completed
1002,Prob010_radix2_div,3,8,0,8,0,completed
1002,Prob010_radix2_div,4,8,0,8,0,completed
1002,Prob010_radix2_div,5,8,0,8,0,completed
1002,Prob011_multi_16bit,1,0,8,0,8,completed
1002,Prob011_multi_16bit,2,0,8,0,8,completed
1002,Prob011_multi_16bit,3,0,8,0,8,completed
1002,Prob011_multi_16bit,4,0,8,0,8,completed
1002,Prob011_multi_16bit,5,0,8,0,8,completed
1002,Prob012_multi_8bit,1,0,8,0,8,completed
1002,Prob012_multi_8bit,2,0,8,0,8,completed
1002,Prob012_multi_8bit,3,0,8,0,8,completed
1002,Prob012_multi_8bit,4,0,8,0,8,completed
1002,Prob012_multi_8bit,5,0,8,0,8,completed
1002,Prob013_multi_booth_8bit,1,8,0,8,0,completed
1002,Prob013_multi_booth_8bit,2,8,0,8,0,completed
1002,Prob013_multi_booth_8bit,3,8,0,8,0,completed
1002,Prob013_multi_booth_8bit,4,8,0,8,0,completed
1002,Prob013_multi_booth_8bit,5,8,0,8,0,completed
1002,Prob014_multi_pipe_4bit,1,8,0,8,0,completed
1002,Prob014_multi_pipe_4bit,2,8,0,8,0,completed
1002,Prob014_multi_pipe_4bit,3,8,0,8,0,completed
1002,Prob014_multi_pipe_4bit,4,8,0,8,0,completed
1002,Prob014_multi_pipe_4bit,5,8,0,8,0,completed
1002,Prob015_multi_pipe_8bit,1,7,1,7,1,completed
1002,Prob015_multi_pipe_8bit,2,7,1,6,2,completed
1002,Prob015_multi_pipe_8bit,3,6,2,3,5,completed
1002,Prob015_multi_pipe_8bit,4,3,5,0,8,completed
1002,Prob015_multi_pipe_8bit,5,0,8,0,8,completed
1002,Prob016_fixed_point_adder,1,8,0,8,0,completed
1002,Prob016_fixed_point_adder,2,8,0,8,0,completed
1002,Prob016_fixed_point_adder,3,8,0,8,0,completed
1002,Prob016_fixed_point_adder,4,8,0,8,0,completed
1002,Prob016_fixed_point_adder,5,8,0,8,0,completed
1002,Prob017_fixed_point_substractor,1,8,0,8,0,completed
1002,Prob017_fixed_point_substractor,2,8,0,8,0,completed
1002,Prob017_fixed_point_substractor,3,8,0,8,0,completed
1002,Prob017_fixed_point_substractor,4,8,0,8,0,completed
1002,Prob017_fixed_point_substractor,5,8,0,8,0,completed
1002,Prob018_float_multi,1,7,1,7,1,completed
1002,Prob018_float_multi,2,7,1,6,2,completed
1002,Prob018_float_multi,3,6,2,5,3,completed
1002,Prob018_float_multi,4,5,3,3,5,completed
1002,Prob018_float_multi,5,3,5,0,8,completed
1002,Prob019_sub_64bit,1,0,8,0,8,completed
1002,Prob019_sub_64bit,2,0,8,0,8,completed
1002,Prob019_sub_64bit,3,0,8,0,8,completed
1002,Prob019_sub_64bit,4,0,8,0,8,completed
1002,Prob019_sub_64bit,5,0,8,0,8,completed
1002,Prob020_JC_counter,1,0,8,0,8,completed
1002,Prob020_JC_counter,2,0,8,0,8,completed
1002,Prob020_JC_counter,3,0,8,0,8,completed
1002,Prob020_JC_counter,4,0,8,0,8,completed
1002,Prob020_JC_counter,5,0,8,0,8,completed
1002,Prob021_counter_12,1,0,8,0,8,completed
1002,Prob021_counter_12,2,0,8,0,8,completed
1002,Prob021_counter_12,3,0,8,0,8,completed
1002,Prob021_counter_12,4,0,8,0,8,completed
1002,Prob021_counter_12,5,0,8,0,8,completed
1002,Prob022_ring_counter,1,8,0,8,0,completed
1002,Prob022_ring_counter,2,8,0,8,0,completed
1002,Prob022_ring_counter,3,8,0,8,0,completed
1002,Prob022_ring_counter,4,8,0,8,0,completed
1002,Prob022_ring_counter,5,8,0,8,0,completed
1002,Prob023_up_down_counter,1,0,8,0,8,completed
1002,Prob023_up_down_counter,2,0,8,0,8,completed
1002,Prob023_up_down_counter,3,0,8,0,8,completed
1002,Prob023_up_down_counter,4,0,8,0,8,completed
1002,Prob023_up_down_counter,5,0,8,0,8,completed
1002,Prob024_fsm,1,8,0,6,2,completed
1002,Prob024_fsm,2,6,2,0,8,completed
1002,Prob024_fsm,3,0,8,0,8,completed
1002,Prob024_fsm,4,0,8,0,8,completed
1002,Prob024_fsm,5,0,8,0,8,completed
1002,Prob025_sequence_detector,1,8,0,2,6,completed
1002,Prob025_sequence_detector,2,2,6,1,7,completed
1002,Prob025_sequence_detector,3,1,7,0,8,completed
1002,Prob025_sequence_detector,4,0,8,0,8,completed
1002,Prob025_sequence_detector,5,0,8,0,8,completed
1002,Prob026_asyn_fifo,1,8,0,8,0,completed
1002,Prob026_asyn_fifo,2,8,0,8,0,completed
1002,Prob026_asyn_fifo,3,8,0,8,0,completed
1002,Prob026_asyn_fifo,4,8,0,8,0,completed
1002,Prob026_asyn_fifo,5,8,0,8,0,completed
1002,Prob027_LIFObuffer,1,2,6,0,8,completed
1002,Prob027_LIFObuffer,2,0,8,0,8,completed
1002,Prob027_LIFObuffer,3,0,8,0,8,completed
1002,Prob027_LIFObuffer,4,0,8,0,8,completed
1002,Prob027_LIFObuffer,5,0,8,0,8,completed
1002,Prob028_LFSR,1,8,0,8,0,completed
1002,Prob028_LFSR,2,8,0,8,0,completed
1002,Prob028_LFSR,3,8,0,8,0,completed
1002,Prob028_LFSR,4,8,0,8,0,completed
1002,Prob028_LFSR,5,8,0,8,0,completed
1002,Prob029_barrel_shifter,1,8,0,8,0,completed
1002,Prob029_barrel_shifter,2,8,0,8,0,completed
1002,Prob029_barrel_shifter,3,8,0,8,0,completed
1002,Prob029_barrel_shifter,4,8,0,7,1,completed
1002,Prob029_barrel_shifter,5,7,1,7,1,completed
1002,Prob030_right_shifter,1,0,8,0,8,completed
1002,Prob030_right_shifter,2,0,8,0,8,completed
1002,Prob030_right_shifter,3,0,8,0,8,completed
1002,Prob030_right_shifter,4,0,8,0,8,completed
1002,Prob030_right_shifter,5,0,8,0,8,completed
1002,Prob031_freq_div,1,0,8,0,8,completed
1002,Prob031_freq_div,2,0,8,0,8,completed
1002,Prob031_freq_div,3,0,8,0,8,completed
1002,Prob031_freq_div,4,0,8,0,8,completed
1002,Prob031_freq_div,5,0,8,0,8,completed
1002,Prob032_freq_divbyeven,1,8,0,8,0,completed
1002,Prob032_freq_divbyeven,2,8,0,8,0,completed
1002,Prob032_freq_divbyeven,3,8,0,8,0,completed
1002,Prob032_freq_divbyeven,4,8,0,8,0,completed
1002,Prob032_freq_divbyeven,5,8,0,8,0,completed
1002,Prob033_freq_divbyfrac,1,8,0,8,0,completed
1002,Prob033_freq_divbyfrac,2,8,0,8,0,completed
1002,Prob033_freq_divbyfrac,3,8,0,8,0,completed
1002,Prob033_freq_divbyfrac,4,8,0,8,0,completed
1002,Prob033_freq_divbyfrac,5,8,0,8,0,completed
1002,Prob034_freq_divbyodd,1,8,0,8,0,completed
1002,Prob034_freq_divbyodd,2,8,0,8,0,completed
1002,Prob034_freq_divbyodd,3,8,0,8,0,completed
1002,Prob034_freq_divbyodd,4,8,0,8,0,completed
1002,Prob034_freq_divbyodd,5,8,0,8,0,completed
1002,Prob035_calendar,1,1,7,0,8,completed
1002,Prob035_calendar,2,0,8,0,8,completed
1002,Prob035_calendar,3,0,8,0,8,completed
1002,Prob035_calendar,4,0,8,0,8,completed
1002,Prob035_calendar,5,0,8,0,8,completed
1002,Prob036_edge_detect,1,0,8,0,8,completed
1002,Prob036_edge_detect,2,0,8,0,8,completed
1002,Prob036_edge_detect,3,0,8,0,8,completed
1002,Prob036_edge_detect,4,0,8,0,8,completed
1002,Prob036_edge_detect,5,0,8,0,8,completed
1002,Prob037_parallel2serial,1,1,7,0,8,completed
1002,Prob037_parallel2serial,2,0,8,0,8,completed
1002,Prob037_parallel2serial,3,0,8,0,8,completed
1002,Prob037_parallel2serial,4,0,8,0,8,completed
1002,Prob037_parallel2serial,5,0,8,0,8,completed
1002,Prob038_pulse_detect,1,8,0,8,0,completed
1002,Prob038_pulse_detect,2,8,0,8,0,completed
1002,Prob038_pulse_detect,3,8,0,8,0,completed
1002,Prob038_pulse_detect,4,8,0,8,0,completed
1002,Prob038_pulse_detect,5,8,0,7,1,completed
1002,Prob039_serial2parallel,1,8,0,8,0,completed
1002,Prob039_serial2parallel,2,8,0,8,0,completed
1002,Prob039_serial2parallel,3,8,0,8,0,completed
1002,Prob039_serial2parallel,4,8,0,8,0,completed
1002,Prob039_serial2parallel,5,8,0,8,0,completed
1002,Prob040_synchronizer,1,0,8,0,8,completed
1002,Prob040_synchronizer,2,0,8,0,8,completed
1002,Prob040_synchronizer,3,0,8,0,8,completed
1002,Prob040_synchronizer,4,0,8,0,8,completed
1002,Prob040_synchronizer,5,0,8,0,8,completed
1002,Prob041_traffic_light,1,6,2,1,7,completed
1002,Prob041_traffic_light,2,1,7,0,8,completed
1002,Prob041_traffic_light,3,0,8,0,8,completed
1002,Prob041_traffic_light,4,0,8,0,8,completed
1002,Prob041_traffic_light,5,0,8,0,8,completed
1002,Prob042_width_8to16,1,8,0,8,0,completed
1002,Prob042_width_8to16,2,8,0,8,0,completed
1002,Prob042_width_8to16,3,8,0,8,0,completed
1002,Prob042_width_8to16,4,8,0,8,0,completed
1002,Prob042_width_8to16,5,8,0,8,0,completed
1002,Prob043_RAM,1,0,8,0,8,completed
1002,Prob043_RAM,2,0,8,0,8,completed
1002,Prob043_RAM,3,0,8,0,8,completed
1002,Prob043_RAM,4,0,8,0,8,completed
1002,Prob043_RAM,5,0,8,0,8,completed
1002,Prob044_ROM,1,1,7,0,8,completed
1002,Prob044_ROM,2,0,8,0,8,completed
1002,Prob044_ROM,3,0,8,0,8,completed
1002,Prob044_ROM,4,0,8,0,8,completed
1002,Prob044_ROM,5,0,8,0,8,completed
1002,Prob045_alu,1,5,3,3,5,completed
1002,Prob045_alu,2,3,5,0,8,completed
1002,Prob045_alu,3,0,8,0,8,completed
1002,Prob045_alu,4,0,8,0,8,completed
1002,Prob045_alu,5,0,8,0,8,completed
1002,Prob046_clkgenerator,1,8,0,8,0,completed
1002,Prob046_clkgenerator,2,8,0,8,0,completed
1002,Prob046_clkgenerator,3,8,0,8,0,completed
1002,Prob046_clkgenerator,4,8,0,8,0,completed
1002,Prob046_clkgenerator,5,8,0,8,0,completed
1002,Prob047_instr_reg,1,1,7,0,8,completed
1002,Prob047_instr_reg,2,0,8,0,8,completed
1002,Prob047_instr_reg,3,0,8,0,8,completed
1002,Prob047_instr_reg,4,0,8,0,8,completed
1002,Prob047_instr_reg,5,0,8,0,8,completed
1002,Prob048_pe,1,1,7,0,8,completed
1002,Prob048_pe,2,0,8,0,8,completed
1002,Prob048_pe,3,0,8,0,8,completed
1002,Prob048_pe,4,0,8,0,8,completed
1002,Prob048_pe,5,0,8,0,8,completed
1002,Prob049_signal_generator,1,3,5,1,7,completed
1002,Prob049_signal_generator,2,1,7,0,8,completed
1002,Prob049_signal_generator,3,0,8,0,8,completed
1002,Prob049_signal_generator,4,0,8,0,8,completed
1002,Prob049_signal_generator,5,0,8,0,8,completed
1002,Prob050_square_wave,1,0,8,0,8,completed
1002,Prob050_square_wave,2,0,8,0,8,completed
1002,Prob050_square_wave,3,0,8,0,8,completed
1002,Prob050_square_wave,4,0,8,0,8,completed
1002,Prob050_square_wave,5,0,8,0,8,completed
