seed,method,method_label,benchmark,problem,problem_label,candidate_id,generation,is_pareto_front,area,power,eff_clk_period,area_improvement,power_improvement,eff_clk_period_improvement,objective_metrics
1001,classic_revolution,Classic,RTLLM,Prob004_adder_8bit,R004 adder8,00a6fbae-b68f-4df9-b993-83a743ba83b3,1,False,46.000000,0.000031,,0.000000,0.989701,,area|power
1001,classic_revolution,Classic,RTLLM,Prob004_adder_8bit,R004 adder8,693d92e8-b28e-47cf-9fc0-a21ee1be9288,1,False,63.000000,0.000040,,-0.369565,0.986578,,area|power
1001,classic_revolution,Classic,RTLLM,Prob004_adder_8bit,R004 adder8,7da0c8d8-4ee3-48b5-8c42-8be80b8c10cb,1,True,39.000000,0.000023,,0.152174,0.992458,,area|power
1001,classic_revolution,Classic,RTLLM,Prob004_adder_8bit,R004 adder8,49d33079-469e-46a2-92d2-44d55dcf65c1,2,False,65.000000,0.000047,,-0.413043,0.984452,,area|power
1001,classic_revolution,Classic,RTLLM,Prob004_adder_8bit,R004 adder8,de435ee1-d2db-4a2e-bc09-7a611d108429,2,False,71.000000,0.000056,,-0.543478,0.981462,,area|power
1001,classic_revolution,Classic,RTLLM,Prob004_adder_8bit,R004 adder8,f66df93f-c8ab-4c07-b62c-8402e22a9bfc,2,False,94.000000,0.000075,,-1.043478,0.975083,,area|power
1001,classic_revolution,Classic,RTLLM,Prob004_adder_8bit,R004 adder8,f3b726bf-f049-4696-bb1e-1bbdaffbe701,3,False,58.000000,0.000035,,-0.260870,0.988272,,area|power
1001,rtl_native_front_guarded_parent_qd,T66 RTL-native guarded parent QD,RTLLM,Prob004_adder_8bit,R004 adder8,dd4ebf11-65cd-4c5f-a03d-9fbab6564023,1,True,39.000000,0.000023,,0.152174,0.992458,,area|power
1001,classic_revolution,Classic,RTLLM,Prob015_multi_pipe_8bit,R015 pipe8,0a91fd10-c73b-4b91-92c8-b99b7030847f,0,False,1076.000000,0.173000,0.570000,-0.097959,-0.926503,0.304878,area|power|eff_clk_period
1001,classic_revolution,Classic,RTLLM,Prob015_multi_pipe_8bit,R015 pipe8,1b687041-a196-4103-8d69-90e040d36bde,0,True,661.000000,0.067700,1.050000,0.325510,0.246102,-0.280488,area|power|eff_clk_period
1001,classic_revolution,Classic,RTLLM,Prob015_multi_pipe_8bit,R015 pipe8,6e4959ba-1caf-49a1-ad39-c3a9fbffefcf,0,True,600.000000,0.087400,1.030000,0.387755,0.026726,-0.256098,area|power|eff_clk_period
1001,classic_revolution,Classic,RTLLM,Prob015_multi_pipe_8bit,R015 pipe8,8c8d45b4-ffda-4ff4-b266-4d95c4efc131,0,True,1070.000000,0.172000,0.570000,-0.091837,-0.915367,0.304878,area|power|eff_clk_period
1001,classic_revolution,Classic,RTLLM,Prob015_multi_pipe_8bit,R015 pipe8,4b5f33a6-29fa-426b-a9dc-f9e377b8c43c,1,True,974.000000,0.140000,0.980000,0.006122,-0.559020,-0.195122,area|power|eff_clk_period
1001,classic_revolution,Classic,RTLLM,Prob015_multi_pipe_8bit,R015 pipe8,7cab530c-1c91-40ce-a864-4a4725faf556,1,True,660.000000,0.070000,1.150000,0.326531,0.220490,-0.402439,area|power|eff_clk_period
1001,classic_revolution,Classic,RTLLM,Prob015_multi_pipe_8bit,R015 pipe8,e0bfe7b0-98d6-415d-abd8-fe227cfcc2d5,1,False,708.000000,0.110000,1.050000,0.277551,-0.224944,-0.280488,area|power|eff_clk_period
1001,classic_revolution,Classic,RTLLM,Prob015_multi_pipe_8bit,R015 pipe8,11ec6904-c86c-4262-afd0-a492880f2149,2,True,696.000000,0.055300,1.040000,0.289796,0.384187,-0.268293,area|power|eff_clk_period
1001,classic_revolution,Classic,RTLLM,Prob015_multi_pipe_8bit,R015 pipe8,2ca60989-10ff-49dd-99f9-55172b86cd4d,2,True,1483.000000,0.127000,0.500000,-0.513265,-0.414254,0.390244,area|power|eff_clk_period
1001,classic_revolution,Classic,RTLLM,Prob015_multi_pipe_8bit,R015 pipe8,3c130930-a8bc-4dc2-ac98-de28ea9e3cf2,3,True,1478.000000,0.157000,0.500000,-0.508163,-0.748330,0.390244,area|power|eff_clk_period
1001,classic_revolution,Classic,RTLLM,Prob015_multi_pipe_8bit,R015 pipe8,b380eeef-71f9-47b6-a8f0-855d05d1844c,3,True,1170.000000,0.081900,0.620000,-0.193878,0.087973,0.243902,area|power|eff_clk_period
1001,rtl_native_front_guarded_parent_qd,T66 RTL-native guarded parent QD,RTLLM,Prob015_multi_pipe_8bit,R015 pipe8,c7711104-7dde-4822-8531-759c71f434ef,0,False,623.000000,0.091100,1.050000,0.364286,-0.014477,-0.280488,area|power|eff_clk_period
1001,rtl_native_front_guarded_parent_qd,T66 RTL-native guarded parent QD,RTLLM,Prob015_multi_pipe_8bit,R015 pipe8,f1467d75-a79a-4aec-b337-46bbe21602f8,0,True,649.000000,0.091400,1.000000,0.337755,-0.017817,-0.219512,area|power|eff_clk_period
1001,rtl_native_front_guarded_parent_qd,T66 RTL-native guarded parent QD,RTLLM,Prob015_multi_pipe_8bit,R015 pipe8,f4aa74ed-abcf-4e1c-a191-cf90893adbaa,0,False,685.000000,0.106000,1.030000,0.301020,-0.180401,-0.256098,area|power|eff_clk_period
1001,rtl_native_front_guarded_parent_qd,T66 RTL-native guarded parent QD,RTLLM,Prob015_multi_pipe_8bit,R015 pipe8,e9285593-2813-48aa-adc6-f6706204649a,1,False,630.000000,0.093500,1.080000,0.357143,-0.041203,-0.317073,area|power|eff_clk_period
1001,rtl_native_front_guarded_parent_qd,T66 RTL-native guarded parent QD,RTLLM,Prob015_multi_pipe_8bit,R015 pipe8,56062e5c-aeb5-41af-b56d-b0eb6af40e6f,2,True,600.000000,0.087400,1.030000,0.387755,0.026726,-0.256098,area|power|eff_clk_period
1001,rtl_native_front_guarded_parent_qd,T66 RTL-native guarded parent QD,RTLLM,Prob015_multi_pipe_8bit,R015 pipe8,585ed819-fcdd-4cd1-b1fd-fa468f87e3d8,2,False,667.000000,0.104000,1.020000,0.319388,-0.158129,-0.243902,area|power|eff_clk_period
1001,rtl_native_front_guarded_parent_qd,T66 RTL-native guarded parent QD,RTLLM,Prob015_multi_pipe_8bit,R015 pipe8,d7ae37be-c81d-49df-bf4b-7edeae709150,2,False,708.000000,0.110000,1.050000,0.277551,-0.224944,-0.280488,area|power|eff_clk_period
1001,rtl_native_front_guarded_parent_qd,T66 RTL-native guarded parent QD,RTLLM,Prob015_multi_pipe_8bit,R015 pipe8,3b97cba0-5d8d-4ddc-aa7d-295b20c82256,3,False,748.000000,0.121000,1.080000,0.236735,-0.347439,-0.317073,area|power|eff_clk_period
1001,rtl_native_front_guarded_parent_qd,T66 RTL-native guarded parent QD,RTLLM,Prob015_multi_pipe_8bit,R015 pipe8,c0784efa-82b8-43be-ba19-0853550c9bf1,3,True,608.000000,0.036400,1.020000,0.379592,0.594655,-0.243902,area|power|eff_clk_period
1001,rtl_native_front_guarded_parent_qd,T66 RTL-native guarded parent QD,RTLLM,Prob015_multi_pipe_8bit,R015 pipe8,fd460ac2-d4da-4a97-b5cc-19394c505c20,3,False,690.000000,0.104000,1.030000,0.295918,-0.158129,-0.256098,area|power|eff_clk_period
1001,classic_revolution,Classic,RTLLM,Prob024_fsm,R024 fsm,05cbedcd-558f-4cbc-ae71-0203936083ae,0,False,29.000000,0.004940,,0.369565,0.289209,,area|power
1001,classic_revolution,Classic,RTLLM,Prob024_fsm,R024 fsm,2a6ebec4-843b-4ba4-8964-3f813c654bc9,0,False,35.000000,0.006310,,0.239130,0.092086,,area|power
1001,classic_revolution,Classic,RTLLM,Prob024_fsm,R024 fsm,a99cb40b-551c-4d41-86d4-a1e18323256a,0,True,29.000000,0.004930,,0.369565,0.290647,,area|power
1001,classic_revolution,Classic,RTLLM,Prob024_fsm,R024 fsm,2e7a6d2c-e279-4612-aa04-934149300424,1,False,34.000000,0.005550,,0.260870,0.201439,,area|power
1001,classic_revolution,Classic,RTLLM,Prob024_fsm,R024 fsm,5a1b40c6-2095-4852-a3ba-634580950d19,1,False,38.000000,0.010200,,0.173913,-0.467626,,area|power
1001,classic_revolution,Classic,RTLLM,Prob024_fsm,R024 fsm,981f4748-771b-436c-9b20-d7b046746743,1,False,34.000000,0.008370,,0.260870,-0.204317,,area|power
1001,classic_revolution,Classic,RTLLM,Prob024_fsm,R024 fsm,8c00d806-4dce-4b9e-b403-994e478d5e99,2,True,36.000000,0.003730,,0.217391,0.463309,,area|power
1001,classic_revolution,Classic,RTLLM,Prob024_fsm,R024 fsm,a62c031e-25bc-47b9-9971-bc85428aa976,2,False,40.000000,0.003900,,0.130435,0.438849,,area|power
1001,classic_revolution,Classic,RTLLM,Prob024_fsm,R024 fsm,4fce44ba-acae-4e1b-83cc-81a9910e55d0,3,False,60.000000,0.005160,,-0.304348,0.257554,,area|power
1001,classic_revolution,Classic,RTLLM,Prob024_fsm,R024 fsm,9481e896-f524-482a-b607-e66dc5d87b93,3,False,31.000000,0.005740,,0.326087,0.174101,,area|power
1001,classic_revolution,Classic,RTLLM,Prob024_fsm,R024 fsm,ba0ffaf8-812d-4f31-a44b-71849e5990d5,3,False,37.000000,0.004610,,0.195652,0.336691,,area|power
1001,rtl_native_front_guarded_parent_qd,T66 RTL-native guarded parent QD,RTLLM,Prob024_fsm,R024 fsm,0314b1fd-c492-46c4-b1e6-9003a2004578,1,False,38.000000,0.010200,,0.173913,-0.467626,,area|power
1001,rtl_native_front_guarded_parent_qd,T66 RTL-native guarded parent QD,RTLLM,Prob024_fsm,R024 fsm,137ed2fa-0180-4412-8e1e-abf2684ab0b6,1,True,29.000000,0.004930,,0.369565,0.290647,,area|power
1001,rtl_native_front_guarded_parent_qd,T66 RTL-native guarded parent QD,RTLLM,Prob024_fsm,R024 fsm,475cbf20-5ab5-47d4-a805-6d0a893984f1,1,False,29.000000,0.004940,,0.369565,0.289209,,area|power
1001,rtl_native_front_guarded_parent_qd,T66 RTL-native guarded parent QD,RTLLM,Prob024_fsm,R024 fsm,cbb50521-2828-4579-83be-f42f2eba5da2,1,False,37.000000,0.009930,,0.195652,-0.428777,,area|power
1001,rtl_native_front_guarded_parent_qd,T66 RTL-native guarded parent QD,RTLLM,Prob024_fsm,R024 fsm,d90c51d6-98ea-43d7-ad4a-82a898b16b1b,1,False,34.000000,0.008370,,0.260870,-0.204317,,area|power
1001,rtl_native_front_guarded_parent_qd,T66 RTL-native guarded parent QD,RTLLM,Prob024_fsm,R024 fsm,47a1533e-523c-4751-a944-4f00aad976be,3,False,34.000000,0.008360,,0.260870,-0.202878,,area|power
1001,classic_revolution,Classic,RTLLM,Prob037_parallel2serial,R037 p2s,2fbc58d4-53c0-4623-bc1d-17aba19c885b,0,False,50.000000,0.004830,0.260000,0.000000,-0.066225,0.037037,area|power|eff_clk_period
1001,classic_revolution,Classic,RTLLM,Prob037_parallel2serial,R037 p2s,5fa9f9c7-2800-41e4-8fc3-2bca0ff0eaed,0,False,50.000000,0.004530,0.270000,0.000000,0.000000,0.000000,area|power|eff_clk_period
1001,classic_revolution,Classic,RTLLM,Prob037_parallel2serial,R037 p2s,82081b0d-651e-4662-8255-94a4d083e2d1,1,False,55.000000,0.004690,0.280000,-0.100000,-0.035320,-0.037037,area|power|eff_clk_period
1001,classic_revolution,Classic,RTLLM,Prob037_parallel2serial,R037 p2s,b6ff5d55-b7c6-4913-a0ed-35b41c077ced,1,False,53.000000,0.003970,0.280000,-0.060000,0.123620,-0.037037,area|power|eff_clk_period
1001,classic_revolution,Classic,RTLLM,Prob037_parallel2serial,R037 p2s,df68f571-163c-4a0e-bcdc-8506fee0a8da,2,False,52.000000,0.003970,0.280000,-0.040000,0.123620,-0.037037,area|power|eff_clk_period
1001,classic_revolution,Classic,RTLLM,Prob037_parallel2serial,R037 p2s,f9b07d95-b8f7-455f-a68b-802f6a4430b7,3,True,47.000000,0.003820,0.260000,0.060000,0.156733,0.037037,area|power|eff_clk_period
1001,rtl_native_front_guarded_parent_qd,T66 RTL-native guarded parent QD,RTLLM,Prob037_parallel2serial,R037 p2s,04ecd2ba-4ee0-4d4f-bdf2-4691693962d9,0,True,50.000000,0.004830,0.260000,0.000000,-0.066225,0.037037,area|power|eff_clk_period
1001,rtl_native_front_guarded_parent_qd,T66 RTL-native guarded parent QD,RTLLM,Prob037_parallel2serial,R037 p2s,50ccd086-950b-4148-80f3-ba54166d5134,0,True,53.000000,0.004570,0.260000,-0.060000,-0.008830,0.037037,area|power|eff_clk_period
1001,rtl_native_front_guarded_parent_qd,T66 RTL-native guarded parent QD,RTLLM,Prob037_parallel2serial,R037 p2s,590826fe-ed2d-4e4f-9773-3debc35543c3,0,False,52.000000,0.004860,0.260000,-0.040000,-0.072848,0.037037,area|power|eff_clk_period
1001,rtl_native_front_guarded_parent_qd,T66 RTL-native guarded parent QD,RTLLM,Prob037_parallel2serial,R037 p2s,d5f04f13-9fd9-4ca3-8e3c-2d8764ab50a6,0,True,50.000000,0.004530,0.270000,0.000000,0.000000,0.000000,area|power|eff_clk_period
1001,classic_revolution,Classic,RTLLM,Prob041_traffic_light,R041 traffic,0a26e9ac-473f-4496-8633-f75851eb86b7,0,False,159.000000,0.004500,,0.064706,0.861111,,area|power
1001,classic_revolution,Classic,RTLLM,Prob041_traffic_light,R041 traffic,41e96333-239c-4061-ae66-a5a25255586f,0,False,145.000000,0.026600,,0.147059,0.179012,,area|power
1001,classic_revolution,Classic,RTLLM,Prob041_traffic_light,R041 traffic,0262ed7d-e06e-4a2b-96b6-cac4c2a67e24,1,False,165.000000,0.000385,,0.029412,0.988117,,area|power
1001,classic_revolution,Classic,RTLLM,Prob041_traffic_light,R041 traffic,0764e4e7-2a04-47d0-accf-ec132a26d3c0,1,True,126.000000,0.000275,,0.258824,0.991512,,area|power
1001,classic_revolution,Classic,RTLLM,Prob041_traffic_light,R041 traffic,25a83d3e-a448-466d-9c0b-69b84f8ac01c,1,False,195.000000,0.033700,,-0.147059,-0.040123,,area|power
1001,classic_revolution,Classic,RTLLM,Prob041_traffic_light,R041 traffic,6a29abc5-8895-4e58-b1de-8ceb90246a55,1,False,148.000000,0.017600,,0.129412,0.456790,,area|power
1001,classic_revolution,Classic,RTLLM,Prob041_traffic_light,R041 traffic,77f6904d-e200-4b00-bd35-d066c1ada71b,1,False,140.000000,0.000294,,0.176471,0.990926,,area|power
1001,classic_revolution,Classic,RTLLM,Prob041_traffic_light,R041 traffic,13212857-996f-4ac8-aeec-e5d03113e5f2,2,False,141.000000,0.000294,,0.170588,0.990926,,area|power
1001,classic_revolution,Classic,RTLLM,Prob041_traffic_light,R041 traffic,20864bd1-72df-49e2-ac0a-e11805654049,2,False,114.000000,0.021900,,0.329412,0.324074,,area|power
1001,classic_revolution,Classic,RTLLM,Prob041_traffic_light,R041 traffic,691ff346-3d91-4a7f-bdf1-734f41e3be0f,2,False,170.000000,0.000404,,0.000000,0.987531,,area|power
1001,classic_revolution,Classic,RTLLM,Prob041_traffic_light,R041 traffic,7412c0f8-637b-4eca-8475-cffc1ccd6f71,2,False,143.000000,0.000276,,0.158824,0.991481,,area|power
1001,classic_revolution,Classic,RTLLM,Prob041_traffic_light,R041 traffic,a3e818cd-17f5-4694-b8b7-0730e68345b5,2,False,121.000000,0.011800,,0.288235,0.635802,,area|power
1001,classic_revolution,Classic,RTLLM,Prob041_traffic_light,R041 traffic,bba744b4-04b3-40b0-af5b-bdbb97f24bdc,2,True,114.000000,0.009420,,0.329412,0.709259,,area|power
1001,classic_revolution,Classic,RTLLM,Prob041_traffic_light,R041 traffic,73964f5b-a61c-4d98-8442-12e4a9ff0ea5,3,False,134.000000,0.000391,,0.211765,0.987932,,area|power
1001,classic_revolution,Classic,RTLLM,Prob041_traffic_light,R041 traffic,b899e1d3-ac89-4885-ac07-6bc136579116,3,False,147.000000,0.000349,,0.135294,0.989228,,area|power
1001,rtl_native_front_guarded_parent_qd,T66 RTL-native guarded parent QD,RTLLM,Prob041_traffic_light,R041 traffic,3572a7e2-d3b1-4896-8580-fa466aa0382f,0,False,167.000000,0.034200,,0.017647,-0.055556,,area|power
1001,rtl_native_front_guarded_parent_qd,T66 RTL-native guarded parent QD,RTLLM,Prob041_traffic_light,R041 traffic,9ec5bf55-3cc9-46b5-8c53-2877aa47b16c,0,False,189.000000,0.036600,,-0.111765,-0.129630,,area|power
1001,rtl_native_front_guarded_parent_qd,T66 RTL-native guarded parent QD,RTLLM,Prob041_traffic_light,R041 traffic,aa3b997b-3d26-433c-9661-c29bda1874ba,0,False,172.000000,0.019000,,-0.011765,0.413580,,area|power
1001,rtl_native_front_guarded_parent_qd,T66 RTL-native guarded parent QD,RTLLM,Prob041_traffic_light,R041 traffic,eaa20ffd-9f37-4066-9cab-24252aa6786a,0,False,203.000000,0.000605,,-0.194118,0.981327,,area|power
1001,rtl_native_front_guarded_parent_qd,T66 RTL-native guarded parent QD,RTLLM,Prob041_traffic_light,R041 traffic,1719cfe2-5f1c-474a-a790-7c9c6ca004e6,1,False,151.000000,0.013600,,0.111765,0.580247,,area|power
1001,rtl_native_front_guarded_parent_qd,T66 RTL-native guarded parent QD,RTLLM,Prob041_traffic_light,R041 traffic,17480c1d-f4f6-480e-94f0-ffb8df240b0a,1,False,150.000000,0.013600,,0.117647,0.580247,,area|power
1001,rtl_native_front_guarded_parent_qd,T66 RTL-native guarded parent QD,RTLLM,Prob041_traffic_light,R041 traffic,3ec8872c-e82c-47bf-861a-b980a137237e,1,False,147.000000,0.029500,,0.135294,0.089506,,area|power
1001,rtl_native_front_guarded_parent_qd,T66 RTL-native guarded parent QD,RTLLM,Prob041_traffic_light,R041 traffic,4f4f8035-940e-4a14-afd2-fa2f50364638,1,False,150.000000,0.033300,,0.117647,-0.027778,,area|power
1001,rtl_native_front_guarded_parent_qd,T66 RTL-native guarded parent QD,RTLLM,Prob041_traffic_light,R041 traffic,7bfa52ea-d1a0-446a-9dab-984c065bf015,1,False,188.000000,0.000494,,-0.105882,0.984753,,area|power
1001,rtl_native_front_guarded_parent_qd,T66 RTL-native guarded parent QD,RTLLM,Prob041_traffic_light,R041 traffic,8041929b-471d-4325-a62c-04ef16783759,1,True,135.000000,0.000255,,0.205882,0.992130,,area|power
1001,rtl_native_front_guarded_parent_qd,T66 RTL-native guarded parent QD,RTLLM,Prob041_traffic_light,R041 traffic,a8b75572-1e1a-483d-95e4-169059bd887f,1,False,169.000000,0.017800,,0.005882,0.450617,,area|power
1001,rtl_native_front_guarded_parent_qd,T66 RTL-native guarded parent QD,RTLLM,Prob041_traffic_light,R041 traffic,0a1b020f-98ca-458e-86d7-0f801ef2e62f,2,False,159.000000,0.004500,,0.064706,0.861111,,area|power
1001,rtl_native_front_guarded_parent_qd,T66 RTL-native guarded parent QD,RTLLM,Prob041_traffic_light,R041 traffic,3371d257-a5a2-443b-b624-b41af755a05a,2,False,151.000000,0.030100,,0.111765,0.070988,,area|power
1001,rtl_native_front_guarded_parent_qd,T66 RTL-native guarded parent QD,RTLLM,Prob041_traffic_light,R041 traffic,387bdaee-bd6d-4e81-b04b-60cd76f72a23,2,False,151.000000,0.030000,,0.111765,0.074074,,area|power
1001,rtl_native_front_guarded_parent_qd,T66 RTL-native guarded parent QD,RTLLM,Prob041_traffic_light,R041 traffic,6decdc57-0190-4e73-a999-1b4eaf54754a,2,False,156.000000,0.000394,,0.082353,0.987840,,area|power
1001,rtl_native_front_guarded_parent_qd,T66 RTL-native guarded parent QD,RTLLM,Prob041_traffic_light,R041 traffic,725dbb98-949b-40a6-8750-a335694012bc,2,False,153.000000,0.000384,,0.100000,0.988148,,area|power
1001,rtl_native_front_guarded_parent_qd,T66 RTL-native guarded parent QD,RTLLM,Prob041_traffic_light,R041 traffic,d963dafd-30a2-4478-b077-835ec1122b4c,2,False,196.000000,0.032800,,-0.152941,-0.012346,,area|power
1001,rtl_native_front_guarded_parent_qd,T66 RTL-native guarded parent QD,RTLLM,Prob041_traffic_light,R041 traffic,ffe9a662-eb1c-402e-8461-4236296208b5,2,False,150.000000,0.032900,,0.117647,-0.015432,,area|power
1001,rtl_native_front_guarded_parent_qd,T66 RTL-native guarded parent QD,RTLLM,Prob041_traffic_light,R041 traffic,386900d0-dd17-4d79-8eee-595a8d8830bb,3,False,151.000000,0.000546,,0.111765,0.983148,,area|power
1001,rtl_native_front_guarded_parent_qd,T66 RTL-native guarded parent QD,RTLLM,Prob041_traffic_light,R041 traffic,e0c919bc-6fc3-4ccf-becc-0d640f0d5398,3,False,176.000000,0.029300,,-0.035294,0.095679,,area|power
1001,rtl_native_front_guarded_parent_qd,T66 RTL-native guarded parent QD,RTLLM,Prob041_traffic_light,R041 traffic,f3e988f3-ad13-4757-902f-1da9411f7ce2,3,False,138.000000,0.000294,,0.188235,0.990926,,area|power
1001,rtl_native_front_guarded_parent_qd,T66 RTL-native guarded parent QD,RTLLM,Prob041_traffic_light,R041 traffic,fc60df11-8733-4640-8a12-0c92414cba46,3,False,140.000000,0.000294,,0.176471,0.990926,,area|power
1001,classic_revolution,Classic,RTLLM,Prob045_alu,R045 alu,5af09860-4f49-4d66-8fbe-89bcb8a7928a,0,False,1910.000000,0.001070,,0.141573,0.990614,,area|power
1001,classic_revolution,Classic,RTLLM,Prob045_alu,R045 alu,76b791f6-daec-47a4-8be6-b16b7ce65f5f,1,False,1956.000000,0.001030,,0.120899,0.990965,,area|power
1001,classic_revolution,Classic,RTLLM,Prob045_alu,R045 alu,0264cb25-97bb-4a8a-915d-0852ab363315,2,False,1912.000000,0.001020,,0.140674,0.991053,,area|power
1001,classic_revolution,Classic,RTLLM,Prob045_alu,R045 alu,53cd0ab3-24f4-4dae-8e2f-f8ab86996162,2,False,1918.000000,0.001030,,0.137978,0.990965,,area|power
1001,classic_revolution,Classic,RTLLM,Prob045_alu,R045 alu,6183d89a-62a4-4558-b837-0dae4b20464e,2,False,1860.000000,0.000964,,0.164045,0.991544,,area|power
1001,classic_revolution,Classic,RTLLM,Prob045_alu,R045 alu,02ef32de-5b20-4b76-9819-a4ca433af583,3,False,1832.000000,0.000964,,0.176629,0.991544,,area|power
1001,classic_revolution,Classic,RTLLM,Prob045_alu,R045 alu,26f1c4c2-63fe-4f71-8d22-f01f37d6deca,3,False,1886.000000,0.001000,,0.152360,0.991228,,area|power
1001,classic_revolution,Classic,RTLLM,Prob045_alu,R045 alu,9c63690d-71a4-4782-9c51-4c1395601e0d,3,False,1882.000000,0.000991,,0.154157,0.991307,,area|power
1001,classic_revolution,Classic,RTLLM,Prob045_alu,R045 alu,fe41abd3-296b-4c62-84c6-c12555055963,3,True,1798.000000,0.000926,,0.191910,0.991877,,area|power
1001,rtl_native_front_guarded_parent_qd,T66 RTL-native guarded parent QD,RTLLM,Prob045_alu,R045 alu,057e5614-8719-4374-952b-aff9ca6107cf,0,False,1992.000000,0.001060,,0.104719,0.990702,,area|power
1001,rtl_native_front_guarded_parent_qd,T66 RTL-native guarded parent QD,RTLLM,Prob045_alu,R045 alu,615a9a9a-48a9-4018-9da2-d58d34756e10,0,False,1906.000000,0.001070,,0.143371,0.990614,,area|power
1001,rtl_native_front_guarded_parent_qd,T66 RTL-native guarded parent QD,RTLLM,Prob045_alu,R045 alu,689e3dc8-64cb-402c-8522-86f34529ea49,0,False,1876.000000,0.001070,,0.156854,0.990614,,area|power
1001,rtl_native_front_guarded_parent_qd,T66 RTL-native guarded parent QD,RTLLM,Prob045_alu,R045 alu,c054f353-0b61-4c95-8c36-b2db08865916,0,False,1935.000000,0.001080,,0.130337,0.990526,,area|power
1001,rtl_native_front_guarded_parent_qd,T66 RTL-native guarded parent QD,RTLLM,Prob045_alu,R045 alu,d6c16597-60d9-4b02-aa16-f5691b842638,0,False,1885.000000,0.001050,,0.152809,0.990789,,area|power
1001,rtl_native_front_guarded_parent_qd,T66 RTL-native guarded parent QD,RTLLM,Prob045_alu,R045 alu,d7933793-c0e5-4fe9-a14a-c15363c0040a,0,True,1805.000000,0.001010,,0.188764,0.991140,,area|power
1001,rtl_native_front_guarded_parent_qd,T66 RTL-native guarded parent QD,RTLLM,Prob045_alu,R045 alu,1334723c-beea-413c-a14f-6f6e38f26604,1,False,1920.000000,0.001090,,0.137079,0.990439,,area|power
1001,rtl_native_front_guarded_parent_qd,T66 RTL-native guarded parent QD,RTLLM,Prob045_alu,R045 alu,5979f951-943f-4773-babe-95749e0aa0ee,1,False,1932.000000,0.001100,,0.131685,0.990351,,area|power
1001,rtl_native_front_guarded_parent_qd,T66 RTL-native guarded parent QD,RTLLM,Prob045_alu,R045 alu,5d674e44-00aa-4ff4-86ff-625a0c63d07f,1,False,1911.000000,0.001100,,0.141124,0.990351,,area|power
1001,rtl_native_front_guarded_parent_qd,T66 RTL-native guarded parent QD,RTLLM,Prob045_alu,R045 alu,5ff42e83-f437-45c6-9c0b-32e8a106baac,1,False,1839.000000,0.001020,,0.173483,0.991053,,area|power
1001,rtl_native_front_guarded_parent_qd,T66 RTL-native guarded parent QD,RTLLM,Prob045_alu,R045 alu,91a7406b-c389-4a28-bf3d-9fa3566984e8,1,False,1922.000000,0.001110,,0.136180,0.990263,,area|power
1001,rtl_native_front_guarded_parent_qd,T66 RTL-native guarded parent QD,RTLLM,Prob045_alu,R045 alu,cdbe058b-c1a6-43e0-8237-bfecb1606af1,1,False,1980.000000,0.001150,,0.110112,0.989912,,area|power
1001,rtl_native_front_guarded_parent_qd,T66 RTL-native guarded parent QD,RTLLM,Prob045_alu,R045 alu,da83fb49-f3e2-4d8b-95ab-64833a04e9d1,1,True,1862.000000,0.000981,,0.163146,0.991395,,area|power
1001,rtl_native_front_guarded_parent_qd,T66 RTL-native guarded parent QD,RTLLM,Prob045_alu,R045 alu,48c8148e-3920-4eee-9afe-70db833b68c5,2,False,1843.000000,0.001030,,0.171685,0.990965,,area|power
1001,rtl_native_front_guarded_parent_qd,T66 RTL-native guarded parent QD,RTLLM,Prob045_alu,R045 alu,58e2c245-5bfb-4db9-b6ff-c1e168ead7d0,2,False,1894.000000,0.001060,,0.148764,0.990702,,area|power
1001,rtl_native_front_guarded_parent_qd,T66 RTL-native guarded parent QD,RTLLM,Prob045_alu,R045 alu,08e496fe-bd15-4b98-832b-6d719c2ecba2,3,False,1993.000000,0.001170,,0.104270,0.989737,,area|power
1001,rtl_native_front_guarded_parent_qd,T66 RTL-native guarded parent QD,RTLLM,Prob045_alu,R045 alu,2076d44c-643f-4981-927b-2809800c79fe,3,False,1861.000000,0.001080,,0.163596,0.990526,,area|power
1001,rtl_native_front_guarded_parent_qd,T66 RTL-native guarded parent QD,RTLLM,Prob045_alu,R045 alu,80988c99-b406-413e-8d20-4ef91a7dd5cd,3,False,1844.000000,0.001060,,0.171236,0.990702,,area|power
1001,rtl_native_front_guarded_parent_qd,T66 RTL-native guarded parent QD,RTLLM,Prob045_alu,R045 alu,e1546e2a-8884-4638-a3a4-5dc874f21f78,3,False,1875.000000,0.001070,,0.157303,0.990614,,area|power
1001,classic_revolution,Classic,RTLLM,Prob049_signal_generator,R049 signal,c5325a46-f7c0-404f-8381-37013b8ae175,0,True,82.000000,0.002520,0.380000,0.127660,0.460385,0.116279,area|power|eff_clk_period
1001,classic_revolution,Classic,RTLLM,Prob049_signal_generator,R049 signal,e2ae6cb7-487d-452e-a19c-f4a1f0a23094,1,False,77.000000,0.003260,0.370000,0.180851,0.301927,0.139535,area|power|eff_clk_period
1001,classic_revolution,Classic,RTLLM,Prob049_signal_generator,R049 signal,9135b55f-efc6-4acd-a3ac-b19363b93dd6,2,True,73.000000,0.005700,0.370000,0.223404,-0.220557,0.139535,area|power|eff_clk_period
1001,classic_revolution,Classic,RTLLM,Prob049_signal_generator,R049 signal,1cad94e2-1615-4717-9622-4937b50fca12,3,False,88.000000,0.005720,0.360000,0.063830,-0.224839,0.162791,area|power|eff_clk_period
1001,classic_revolution,Classic,RTLLM,Prob049_signal_generator,R049 signal,6280b433-329a-459d-a9f8-b32b09619f2d,3,True,74.000000,0.003260,0.360000,0.212766,0.301927,0.162791,area|power|eff_clk_period
1001,rtl_native_front_guarded_parent_qd,T66 RTL-native guarded parent QD,RTLLM,Prob049_signal_generator,R049 signal,5cbbb73e-a8e2-4e50-8969-a1d6be138c97,0,True,82.000000,0.002520,0.380000,0.127660,0.460385,0.116279,area|power|eff_clk_period
1001,classic_revolution,Classic,VerilogEval-Spec-to-RTL,Prob098_circuit7,V098 circuit7,31b313f3-6fae-46a3-86c9-282c5ce12f38,0,True,5.000000,0.000455,,0.000000,0.036017,,area|power
1001,classic_revolution,Classic,VerilogEval-Spec-to-RTL,Prob098_circuit7,V098 circuit7,ce491ee4-7dac-471c-a0fb-b1908a2e4efd,0,False,5.000000,0.000472,,0.000000,0.000000,,area|power
1001,rtl_native_front_guarded_parent_qd,T66 RTL-native guarded parent QD,VerilogEval-Spec-to-RTL,Prob098_circuit7,V098 circuit7,b2e7601e-d85d-45fe-9cc7-42dbeaaec9a8,0,False,5.000000,0.000472,,0.000000,0.000000,,area|power
1001,rtl_native_front_guarded_parent_qd,T66 RTL-native guarded parent QD,VerilogEval-Spec-to-RTL,Prob098_circuit7,V098 circuit7,9f61336f-9e54-44e8-b845-ae440aace443,3,True,5.000000,0.000455,,0.000000,0.036017,,area|power
1001,classic_revolution,Classic,VerilogEval-Spec-to-RTL,Prob116_m2014_q3,V116 q3,13357455-3e09-4941-b1f1-24c22c7097da,0,True,4.000000,0.000001,,0.200000,0.994093,,area|power
1001,classic_revolution,Classic,VerilogEval-Spec-to-RTL,Prob116_m2014_q3,V116 q3,a5f9164e-ca9e-403e-b0a5-e756e1878b8b,0,False,3.000000,0.000001,,0.400000,0.993109,,area|power
1001,classic_revolution,Classic,VerilogEval-Spec-to-RTL,Prob116_m2014_q3,V116 q3,e9ff14cb-b10e-4f7f-a40d-0df6606d1a58,0,False,4.000000,0.000002,,0.200000,0.990725,,area|power
1001,classic_revolution,Classic,VerilogEval-Spec-to-RTL,Prob116_m2014_q3,V116 q3,4081915c-ffbe-4887-ba91-1cd18e602974,3,False,4.000000,0.000001,,0.200000,0.993990,,area|power
1001,classic_revolution,Classic,VerilogEval-Spec-to-RTL,Prob116_m2014_q3,V116 q3,f70224ea-14bd-4d54-8e5c-741e9b274e8b,3,True,3.000000,0.000001,,0.400000,0.993212,,area|power
1001,rtl_native_front_guarded_parent_qd,T66 RTL-native guarded parent QD,VerilogEval-Spec-to-RTL,Prob116_m2014_q3,V116 q3,36cfaf2d-d309-4bdf-801f-36c1ed7a8821,0,True,3.000000,0.000001,,0.400000,0.996057,,area|power
1001,rtl_native_front_guarded_parent_qd,T66 RTL-native guarded parent QD,VerilogEval-Spec-to-RTL,Prob116_m2014_q3,V116 q3,5907a808-c27e-4c9e-919f-67ebf67ec9db,0,False,3.000000,0.000001,,0.400000,0.993109,,area|power
1001,rtl_native_front_guarded_parent_qd,T66 RTL-native guarded parent QD,VerilogEval-Spec-to-RTL,Prob116_m2014_q3,V116 q3,cb92f869-30bc-474f-a08a-8ed0051b2c12,0,False,5.000000,0.000002,,0.000000,0.991606,,area|power
1001,rtl_native_front_guarded_parent_qd,T66 RTL-native guarded parent QD,VerilogEval-Spec-to-RTL,Prob116_m2014_q3,V116 q3,e95a65f7-35ec-4644-8451-d3451d779a82,0,False,4.000000,0.000002,,0.200000,0.990725,,area|power
1001,classic_revolution,Classic,VerilogEval-Spec-to-RTL,Prob135_m2014_q6b,V135 q6b,4dcb7457-edf3-49ab-85ad-4a2e1872c13b,0,False,7.000000,0.000003,,-0.400000,0.988430,,area|power
1001,classic_revolution,Classic,VerilogEval-Spec-to-RTL,Prob135_m2014_q6b,V135 q6b,8fd7c6ab-bb51-4dd5-82b4-36c1e6de626d,0,True,6.000000,0.000002,,-0.200000,0.990852,,area|power
1001,classic_revolution,Classic,VerilogEval-Spec-to-RTL,Prob135_m2014_q6b,V135 q6b,4e10f144-b374-4357-99c5-f6b9aa6b82c0,1,False,6.000000,0.000002,,-0.200000,0.989372,,area|power
1001,rtl_native_front_guarded_parent_qd,T66 RTL-native guarded parent QD,VerilogEval-Spec-to-RTL,Prob135_m2014_q6b,V135 q6b,07f4168e-0d2e-4641-a1a2-3d8cf14c3297,0,False,7.000000,0.000003,,-0.400000,0.988430,,area|power
1001,rtl_native_front_guarded_parent_qd,T66 RTL-native guarded parent QD,VerilogEval-Spec-to-RTL,Prob135_m2014_q6b,V135 q6b,46ee3815-f427-47c9-9efd-fa79e01ae90f,0,True,6.000000,0.000002,,-0.200000,0.990852,,area|power
1001,rtl_native_front_guarded_parent_qd,T66 RTL-native guarded parent QD,VerilogEval-Spec-to-RTL,Prob135_m2014_q6b,V135 q6b,5b125ac0-cd0a-4376-b60a-cf49ede1ea90,0,False,6.000000,0.000002,,-0.200000,0.989372,,area|power
1001,classic_revolution,Classic,VerilogEval-Spec-to-RTL,Prob150_review2015_fsmonehot,V150 onehot,299da4b3-9934-4fee-9ca3-0cb6dce19a76,0,False,40.000000,0.000010,,-2.076923,0.969118,,area|power
1001,classic_revolution,Classic,VerilogEval-Spec-to-RTL,Prob150_review2015_fsmonehot,V150 onehot,ff63c70a-660e-4922-aa3d-73616d3772c8,0,True,13.000000,0.000004,,0.000000,0.989059,,area|power
1001,classic_revolution,Classic,VerilogEval-Spec-to-RTL,Prob150_review2015_fsmonehot,V150 onehot,bc88b570-70e6-4651-b87c-bb3c1550d07e,1,False,13.000000,0.000004,,0.000000,0.989029,,area|power
1001,rtl_native_front_guarded_parent_qd,T66 RTL-native guarded parent QD,VerilogEval-Spec-to-RTL,Prob150_review2015_fsmonehot,V150 onehot,540a6ce8-c64c-48da-b934-e897f37849e4,0,True,13.000000,0.000004,,0.000000,0.989059,,area|power
1001,classic_revolution,Classic,VerilogEval-Spec-to-RTL,Prob151_review2015_fsm,V151 fsm,288db1f4-d3a1-4197-accc-84c7d095b491,2,True,102.000000,0.007370,0.290000,-0.545455,-0.648770,-0.035714,area|power|eff_clk_period
1001,classic_revolution,Classic,VerilogEval-Spec-to-RTL,Prob151_review2015_fsm,V151 fsm,c2b6ca03-cad2-4de1-b90a-1423b2251690,3,True,97.000000,0.006760,0.310000,-0.469697,-0.512304,-0.107143,area|power|eff_clk_period
1001,rtl_native_front_guarded_parent_qd,T66 RTL-native guarded parent QD,VerilogEval-Spec-to-RTL,Prob151_review2015_fsm,V151 fsm,ab70bc75-5441-4200-aedf-0f71448c742a,3,True,97.000000,0.006720,0.320000,-0.469697,-0.503356,-0.142857,area|power|eff_clk_period
1001,classic_revolution,Classic,VerilogEval-Spec-to-RTL,Prob153_gshare,V153 gshare,36612826-103f-459f-a273-c3fed7b67862,0,True,3119.000000,0.353000,0.750000,-0.031074,0.192220,0.000000,area|power|eff_clk_period
1001,classic_revolution,Classic,VerilogEval-Spec-to-RTL,Prob153_gshare,V153 gshare,92ad8748-17a8-4afc-89aa-f1dceddde7a2,0,False,3197.000000,0.468000,0.730000,-0.056860,-0.070938,0.026667,area|power|eff_clk_period
1001,classic_revolution,Classic,VerilogEval-Spec-to-RTL,Prob153_gshare,V153 gshare,5c95fb00-7c17-4fa4-a023-58b91f140cfb,1,False,3080.000000,0.429000,0.790000,-0.018182,0.018307,-0.053333,area|power|eff_clk_period
1001,classic_revolution,Classic,VerilogEval-Spec-to-RTL,Prob153_gshare,V153 gshare,f8615a10-80fb-40e7-a3b2-5e473ef46d1e,1,True,2848.000000,0.291000,0.800000,0.058512,0.334096,-0.066667,area|power|eff_clk_period
1001,classic_revolution,Classic,VerilogEval-Spec-to-RTL,Prob153_gshare,V153 gshare,65d3d660-6d50-49e6-a501-c4a5b970b131,2,True,2963.000000,0.368000,0.710000,0.020496,0.157895,0.053333,area|power|eff_clk_period
1001,classic_revolution,Classic,VerilogEval-Spec-to-RTL,Prob153_gshare,V153 gshare,9610d5d9-0f56-4741-baaf-37159518d898,2,False,3258.000000,0.487000,0.720000,-0.077025,-0.114416,0.040000,area|power|eff_clk_period
1001,classic_revolution,Classic,VerilogEval-Spec-to-RTL,Prob153_gshare,V153 gshare,ff3fa70e-9e3f-4703-8489-773d99f338db,2,True,3045.000000,0.404000,0.680000,-0.006612,0.075515,0.093333,area|power|eff_clk_period
1001,classic_revolution,Classic,VerilogEval-Spec-to-RTL,Prob153_gshare,V153 gshare,f59210d7-52ac-4515-87d1-6ab9a7621375,3,False,3074.000000,0.472000,0.780000,-0.016198,-0.080092,-0.040000,area|power|eff_clk_period
1001,rtl_native_front_guarded_parent_qd,T66 RTL-native guarded parent QD,VerilogEval-Spec-to-RTL,Prob153_gshare,V153 gshare,7d3c7cf9-c037-48ed-8408-80d13554fb6f,0,False,3115.000000,0.416000,0.720000,-0.029752,0.048055,0.040000,area|power|eff_clk_period
1001,rtl_native_front_guarded_parent_qd,T66 RTL-native guarded parent QD,VerilogEval-Spec-to-RTL,Prob153_gshare,V153 gshare,7f0ba399-e884-4269-8237-3ad9514aa061,0,False,3015.000000,0.384000,0.700000,0.003306,0.121281,0.066667,area|power|eff_clk_period
1001,rtl_native_front_guarded_parent_qd,T66 RTL-native guarded parent QD,VerilogEval-Spec-to-RTL,Prob153_gshare,V153 gshare,4b9df536-dd4d-4456-b5fc-1e461b432398,1,True,2837.000000,0.310000,0.720000,0.062149,0.290618,0.040000,area|power|eff_clk_period
1001,rtl_native_front_guarded_parent_qd,T66 RTL-native guarded parent QD,VerilogEval-Spec-to-RTL,Prob153_gshare,V153 gshare,5c408b81-516a-424c-982f-97d1d82c5722,1,True,2790.000000,0.299000,0.740000,0.077686,0.315789,0.013333,area|power|eff_clk_period
1001,rtl_native_front_guarded_parent_qd,T66 RTL-native guarded parent QD,VerilogEval-Spec-to-RTL,Prob153_gshare,V153 gshare,5c7cf3ee-0953-4ff8-a914-5e8330845e2c,1,False,3008.000000,0.411000,0.750000,0.005620,0.059497,0.000000,area|power|eff_clk_period
1001,rtl_native_front_guarded_parent_qd,T66 RTL-native guarded parent QD,VerilogEval-Spec-to-RTL,Prob153_gshare,V153 gshare,519aecd6-f239-40b9-803c-ff57e55b5265,2,False,3127.000000,0.391000,0.740000,-0.033719,0.105263,0.013333,area|power|eff_clk_period
1001,rtl_native_front_guarded_parent_qd,T66 RTL-native guarded parent QD,VerilogEval-Spec-to-RTL,Prob153_gshare,V153 gshare,63c08f58-95f7-4b28-9232-4f557f3e0e62,2,False,2934.000000,0.365000,0.690000,0.030083,0.164760,0.080000,area|power|eff_clk_period
1001,rtl_native_front_guarded_parent_qd,T66 RTL-native guarded parent QD,VerilogEval-Spec-to-RTL,Prob153_gshare,V153 gshare,6588a76c-57ad-42c8-a525-d46bd9ee6ed6,2,False,3163.000000,0.434000,0.720000,-0.045620,0.006865,0.040000,area|power|eff_clk_period
1001,rtl_native_front_guarded_parent_qd,T66 RTL-native guarded parent QD,VerilogEval-Spec-to-RTL,Prob153_gshare,V153 gshare,65bef594-df74-4b47-96e4-ed64e57dff4c,2,True,2799.000000,0.317000,0.690000,0.074711,0.274600,0.080000,area|power|eff_clk_period
1001,rtl_native_front_guarded_parent_qd,T66 RTL-native guarded parent QD,VerilogEval-Spec-to-RTL,Prob153_gshare,V153 gshare,a7fd55a7-84f6-4151-bbc9-7b98c00b8019,2,False,3080.000000,0.429000,0.790000,-0.018182,0.018307,-0.053333,area|power|eff_clk_period
1001,rtl_native_front_guarded_parent_qd,T66 RTL-native guarded parent QD,VerilogEval-Spec-to-RTL,Prob153_gshare,V153 gshare,a9e35b1d-c88f-473c-b6b1-273befa14a36,2,False,3396.000000,0.608000,0.770000,-0.122645,-0.391304,-0.026667,area|power|eff_clk_period
1001,rtl_native_front_guarded_parent_qd,T66 RTL-native guarded parent QD,VerilogEval-Spec-to-RTL,Prob153_gshare,V153 gshare,2495b5d3-cf7c-427f-8c2b-1b8494e525e5,3,False,3249.000000,0.475000,0.720000,-0.074050,-0.086957,0.040000,area|power|eff_clk_period
1001,rtl_native_front_guarded_parent_qd,T66 RTL-native guarded parent QD,VerilogEval-Spec-to-RTL,Prob153_gshare,V153 gshare,7a0efa9a-c3cb-427c-a2ec-024255affa2d,3,False,3074.000000,0.472000,0.780000,-0.016198,-0.080092,-0.040000,area|power|eff_clk_period
1001,rtl_native_front_guarded_parent_qd,T66 RTL-native guarded parent QD,VerilogEval-Spec-to-RTL,Prob153_gshare,V153 gshare,a16d7004-eae0-49c1-9eba-dc6b75b45447,3,False,3257.000000,0.467000,0.740000,-0.076694,-0.068650,0.013333,area|power|eff_clk_period
1001,rtl_native_front_guarded_parent_qd,T66 RTL-native guarded parent QD,VerilogEval-Spec-to-RTL,Prob153_gshare,V153 gshare,b74e4256-4329-41d2-b315-24cf01581023,3,False,2987.000000,0.456000,0.790000,0.012562,-0.043478,-0.053333,area|power|eff_clk_period
1001,rtl_native_front_guarded_parent_qd,T66 RTL-native guarded parent QD,VerilogEval-Spec-to-RTL,Prob153_gshare,V153 gshare,dfa007af-eb2a-40a2-b376-3853579c1d5b,3,False,3197.000000,0.468000,0.730000,-0.056860,-0.070938,0.026667,area|power|eff_clk_period
