candidate_id,nearest_candidate_id,nearest_cosine,same_backend,same_problem,same_canonical_sha256
9578b202-895c-4404-8e9c-eac5e9363e44,197d6cd4-22ca-458c-8a6f-a751e9b2fbd8,0.962781966,True,True,False
30385121-6f9f-4cf7-b9a4-f7c274a02fae,7e300b92-40f5-4d95-b74c-793104eda26e,1.000260353,True,True,False
9f07b5aa-c559-494d-8710-2abeff5ec637,e726a782-e3ac-4c26-944d-5ee0d8d9598e,0.989368558,True,True,False
7e300b92-40f5-4d95-b74c-793104eda26e,30385121-6f9f-4cf7-b9a4-f7c274a02fae,1.000260353,True,True,False
add293ac-3938-4e14-977c-5fa87e780d56,cbb3601d-7cc5-4356-ac3e-5269904a3f35,0.992387354,True,True,False
aa76343b-ccab-4e5f-a6e7-ac5ffa4fb0a4,30385121-6f9f-4cf7-b9a4-f7c274a02fae,0.997880042,True,True,False
93b92fd4-6206-41c2-b8eb-4b6ed488e40b,aa76343b-ccab-4e5f-a6e7-ac5ffa4fb0a4,0.975617528,True,True,False
228d1ab4-a2db-4af4-94ef-0a42404663a9,40bac0aa-ba6f-4c1f-b077-3132d453e369,0.994427204,True,True,False
cbb3601d-7cc5-4356-ac3e-5269904a3f35,add293ac-3938-4e14-977c-5fa87e780d56,0.992387354,True,True,False
197d6cd4-22ca-458c-8a6f-a751e9b2fbd8,5e1a84ec-625e-4c90-85da-3a938a338606,0.965892911,False,True,False
8e49f26e-bcba-4591-bcfa-15270ce78bb6,7013c4fe-1691-480f-879b-9e8df9a00fb1,0.992769480,True,True,False
d65c5618-f567-46da-a79a-ad073e17c052,2fc4541c-4cdf-452e-86ea-461ab3d64c31,0.973818421,True,True,False
e726a782-e3ac-4c26-944d-5ee0d8d9598e,9f07b5aa-c559-494d-8710-2abeff5ec637,0.989368558,True,True,False
deecbf24-2123-47f0-a084-6211574e07aa,30385121-6f9f-4cf7-b9a4-f7c274a02fae,0.962127745,True,True,False
0f28a9a0-2736-4141-a82f-5ff47533345e,65a387a6-ecbe-4d74-a0d9-71e0fa2e4af1,0.989698172,True,True,False
2fc4541c-4cdf-452e-86ea-461ab3d64c31,d65c5618-f567-46da-a79a-ad073e17c052,0.973818421,True,True,False
76e5890b-6bdf-4dc7-9150-0040b48062f8,7013c4fe-1691-480f-879b-9e8df9a00fb1,0.975559115,True,True,False
af1946e5-6477-4938-8837-aa9f91b485d0,ecdf86d1-cb57-4a90-8663-6c362cc16c49,0.977783501,False,True,False
d77d0daf-9181-41cd-87ee-01a9c4439244,7013c4fe-1691-480f-879b-9e8df9a00fb1,0.995468736,True,True,False
e8630af6-5cdc-4fb4-a294-00528c8cde7c,40bac0aa-ba6f-4c1f-b077-3132d453e369,0.991396844,True,True,False
40bac0aa-ba6f-4c1f-b077-3132d453e369,228d1ab4-a2db-4af4-94ef-0a42404663a9,0.994427204,True,True,False
fbc87b93-b222-434d-a4e4-2fed8d35a934,9046d9a6-6712-4ab2-b741-0c47203bf163,0.993954659,False,True,False
65a387a6-ecbe-4d74-a0d9-71e0fa2e4af1,0f28a9a0-2736-4141-a82f-5ff47533345e,0.989698172,True,True,False
7013c4fe-1691-480f-879b-9e8df9a00fb1,d77d0daf-9181-41cd-87ee-01a9c4439244,0.995468736,True,True,False
977fa12f-4bc7-4dd6-878d-eb473dc7fc75,e7abb82b-5bb7-4611-9815-7772f24b38a9,0.993536711,True,True,False
c5fa9230-5ba2-4ebd-867b-05d1aa67fcdf,9d843184-9af2-45d8-85f5-23aff89efedd,0.996897936,True,True,False
fe4bc3ce-0097-404c-b733-4d63d4698a3d,7e833287-fbce-453c-8ac5-03a57d5966d2,0.996653914,True,True,False
70ef141f-5730-4220-afe7-ca88e5f06cef,96e419d3-0765-4a9f-8b03-734f39ea9d4d,0.994000316,False,True,False
46b1be03-269f-420f-951c-ae169bf7196b,e7abb82b-5bb7-4611-9815-7772f24b38a9,0.997234166,True,True,False
2a19a8f0-6a61-44d0-aa52-6d16e1887b1b,2821f9f9-7879-40cb-ab6d-94e49915d1b3,0.996423006,False,True,False
7e833287-fbce-453c-8ac5-03a57d5966d2,a071620a-ee7d-48e3-979e-b801d6370383,0.998936892,True,True,False
a071620a-ee7d-48e3-979e-b801d6370383,7e833287-fbce-453c-8ac5-03a57d5966d2,0.998936892,True,True,False
9d843184-9af2-45d8-85f5-23aff89efedd,01171f4f-a530-48c3-830e-635f3b438d53,0.999689102,False,True,False
e7abb82b-5bb7-4611-9815-7772f24b38a9,46b1be03-269f-420f-951c-ae169bf7196b,0.997234166,True,True,False
228810c1-5c79-49cc-aa8f-53ffe894be5b,5ddc2550-af26-4415-8f52-271db78f0164,0.986242414,False,True,False
0486e42c-ad6d-49a1-bd3f-f2ebb4f3376a,bafad1b6-72d6-4dc2-835d-7c6b73d2d131,0.984727323,False,True,False
a767d2b8-4a02-4a5d-8333-4aeb36f1b697,5719cc59-8e5c-4c2b-9600-a67f7482198f,0.970190763,True,True,False
09cfa0cf-9977-4b9a-aaee-c2e4a2bf267b,4206fe76-1007-42d8-a5c7-d421464b9493,0.993296504,True,True,False
ae802e04-53ba-4a4c-9fdc-5c716dbb03de,60e318ba-33d7-4719-a1c1-56dc58add15c,0.980807662,True,True,False
0dd1d0fd-f5d2-4139-819d-419588927249,0d15d2ec-26be-4495-8aab-9d47630044fe,0.965825856,True,True,False
4206fe76-1007-42d8-a5c7-d421464b9493,09cfa0cf-9977-4b9a-aaee-c2e4a2bf267b,0.993296504,True,True,False
c6c15e4f-86f5-46d8-83d0-f78e0b0ec30c,5719cc59-8e5c-4c2b-9600-a67f7482198f,0.993557990,True,True,False
5719cc59-8e5c-4c2b-9600-a67f7482198f,c6c15e4f-86f5-46d8-83d0-f78e0b0ec30c,0.993557990,True,True,False
da17e224-18dc-46a8-a371-92dd296c970e,3a11f182-04a9-46a7-96ca-4cdbb9ae8214,0.997366667,True,True,False
0d15d2ec-26be-4495-8aab-9d47630044fe,5719cc59-8e5c-4c2b-9600-a67f7482198f,0.991214097,True,True,False
3a11f182-04a9-46a7-96ca-4cdbb9ae8214,da17e224-18dc-46a8-a371-92dd296c970e,0.997366667,True,True,False
60e318ba-33d7-4719-a1c1-56dc58add15c,524ff828-3e4b-440b-8d4c-c01eb5f16ef2,0.987568855,True,True,False
890f3588-0c49-4301-bff7-27fb33232122,0fbbb4a1-b5e8-47e4-9d8a-ed5e47300c6f,0.978999972,True,True,False
0fbbb4a1-b5e8-47e4-9d8a-ed5e47300c6f,890f3588-0c49-4301-bff7-27fb33232122,0.978999972,True,True,False
f2b73330-23b7-4bac-aa73-5d9e584f0400,b7cd5eb7-4fec-49bd-a5d7-5b28a1007b19,0.980895162,False,True,False
fa9097fd-4c46-4e96-903e-88cc546b4ea6,09cfa0cf-9977-4b9a-aaee-c2e4a2bf267b,0.962051272,True,True,False
524ff828-3e4b-440b-8d4c-c01eb5f16ef2,60e318ba-33d7-4719-a1c1-56dc58add15c,0.987568855,True,True,False
ab99d4c7-2c07-446f-beda-1e9a164a6153,09cfa0cf-9977-4b9a-aaee-c2e4a2bf267b,0.968255639,True,True,False
5c864b6b-a94f-44b3-a3f0-06751b53b72b,60e318ba-33d7-4719-a1c1-56dc58add15c,0.972417474,True,True,False
29ccad1b-10d7-4967-b09b-c91fbab649fe,e717a09f-c2ea-4a8d-a8d4-0434af2a1c15,0.985987723,False,True,False
8635989f-2669-44ea-a1be-b0d867939fce,e7abbc8a-bed9-487e-9de2-9d4130092b44,0.995151639,True,True,False
8f81afa7-37e0-48c7-838f-916e5ccecde3,4820495f-a622-431f-86c8-8cab6099e751,0.997510970,True,True,False
a2b68d78-81ec-41d8-882f-215ee8fb4ec0,8f81afa7-37e0-48c7-838f-916e5ccecde3,0.994998813,True,True,False
773212b6-7f08-4781-b76d-a81182157964,d3ca7a56-d850-45f8-a7ee-58f93b68b9f8,0.988266945,False,True,False
4820495f-a622-431f-86c8-8cab6099e751,8f81afa7-37e0-48c7-838f-916e5ccecde3,0.997510970,True,True,False
ccb5b02e-38f1-47e2-84e4-13c3269f7709,f6744f4d-92fc-455f-bef2-df8b2c83acbe,0.999448180,False,True,False
e7abbc8a-bed9-487e-9de2-9d4130092b44,8635989f-2669-44ea-a1be-b0d867939fce,0.995151639,True,True,False
6fe9c9b9-978d-4f3b-ab93-59ea51464395,9158f424-d7d7-4bdc-959e-94dce2fb14c1,0.980947673,False,True,False
62756fba-3a7f-4b05-8140-f1908e947002,9158f424-d7d7-4bdc-959e-94dce2fb14c1,0.986549497,False,True,False
4dd0da5a-4797-4bfa-83c5-b3540d385f05,02a08fa1-e790-433a-bb2b-02517c2da7fc,0.974846721,True,True,False
8f710d76-cd52-454c-962e-793e22a2a849,9ed1b9f7-8f79-4160-b0d7-28179db261c7,0.989544630,True,True,False
24ff008f-3493-4008-96bb-b8122e104c08,0e92ac5d-a4da-4a68-8733-e22403e3fb7a,0.977782547,True,True,False
e47169b1-e1d0-42c3-815c-b5d372637388,4d4b33af-56d9-455d-9253-0021510409c5,0.995894253,False,True,False
52e2c15b-d20f-488a-9c49-70953c18943d,79cde0b6-e247-4cc2-8651-cdbde9dc48a7,0.997130990,False,True,False
b3a0c754-2fba-4b0b-8494-4087191f9737,853e2da7-5a8a-477a-841a-b9d94e1d1f0a,0.986555398,False,True,False
b76aca44-3b5d-4f18-8a00-5db951d4d5eb,d2ff32c2-2e77-4800-bfab-62a65a20273a,0.980108023,True,True,False
32bf53b5-0363-4c61-828e-3e3317da354c,88bf23c6-1bb5-4f8f-a288-e9837e711e9c,0.996940374,True,True,False
ce58a920-b70b-4f51-ba90-0b2a53c6776c,79cde0b6-e247-4cc2-8651-cdbde9dc48a7,0.994697750,False,True,False
ff3bd414-b6a0-40ff-b2aa-ceb3d9d48491,88bf23c6-1bb5-4f8f-a288-e9837e711e9c,0.993045509,True,True,False
f5c8d1aa-641f-4511-be34-79bd811f67ad,e65da2c4-0900-4bc2-8049-38501383e5b3,0.988878667,False,True,False
0e92ac5d-a4da-4a68-8733-e22403e3fb7a,b76aca44-3b5d-4f18-8a00-5db951d4d5eb,0.979978263,True,True,False
5d82e0b6-96d0-48cb-b790-1e9b0fe73b82,fec1bff1-ed2f-43c3-b97b-b0a466119ef3,0.984234393,True,True,False
02a08fa1-e790-433a-bb2b-02517c2da7fc,4dd0da5a-4797-4bfa-83c5-b3540d385f05,0.974846721,True,True,False
36dea8a9-1321-445a-82c2-a55d6ab15b05,ccb5b02e-38f1-47e2-84e4-13c3269f7709,0.995874286,True,True,False
9ed1b9f7-8f79-4160-b0d7-28179db261c7,8f81afa7-37e0-48c7-838f-916e5ccecde3,0.990307629,True,True,False
d2903b03-33d9-4e41-b759-9e464bce50f5,d2ff32c2-2e77-4800-bfab-62a65a20273a,0.985866129,True,True,False
6c9323c1-85eb-43c7-9de0-d9edf1d0a04a,79cde0b6-e247-4cc2-8651-cdbde9dc48a7,0.995125413,False,True,False
fec1bff1-ed2f-43c3-b97b-b0a466119ef3,055db26b-1876-428b-b221-b7d9977fdd14,0.987319946,True,True,False
8794dc24-2d10-4233-960d-18ade924be04,9ed1b9f7-8f79-4160-b0d7-28179db261c7,0.983050883,True,True,False
88bf23c6-1bb5-4f8f-a288-e9837e711e9c,32bf53b5-0363-4c61-828e-3e3317da354c,0.996940374,True,True,False
90d082de-13da-4c91-bc4d-ea9972b923fc,f6744f4d-92fc-455f-bef2-df8b2c83acbe,0.993606687,False,True,False
055db26b-1876-428b-b221-b7d9977fdd14,fec1bff1-ed2f-43c3-b97b-b0a466119ef3,0.987319946,True,True,False
5e06853e-f27d-4b7b-9678-f942bde783a7,507bcd3d-cf94-4eff-a4b6-1b05243d4d92,0.993632972,False,True,False
d2ff32c2-2e77-4800-bfab-62a65a20273a,d2903b03-33d9-4e41-b759-9e464bce50f5,0.985866129,True,True,False
6d0551dd-bc7f-4688-8651-b6e9ac6e5601,79cde0b6-e247-4cc2-8651-cdbde9dc48a7,0.996855319,False,True,False
e0f5f45c-43d9-44a8-9c4c-af583e035bbc,a9917c53-9602-4a20-a42e-a898de6924f4,1.004279137,False,True,True
7357ba0e-a987-43db-9d39-a79e20e01e31,3d1c10bf-4dbb-4a3d-a3a7-91253b059f52,0.992322803,False,True,False
48275430-431e-49d2-a494-58f97d156607,8de1ca47-e001-48c3-a353-a521c56a3c95,0.996769726,False,True,True
2b07a26c-1b8b-4de8-bdba-61a269226fe9,a6b29f53-febf-479f-993d-ec0a9507a236,0.999743581,False,True,True
183ae0e8-a211-41c8-acc4-b8b742128ab1,72eefeb7-8136-4bba-96ca-ff938a2cdd9f,0.999595642,False,True,True
b59be1b6-8b6c-4a6a-86bc-54884096ff02,d8627528-9926-4863-a69f-b6275447fc45,1.001537919,False,True,True
f340ccdd-990b-473f-b9e6-b774e81272a8,c2b6cd25-4e41-4016-a936-36697d1b795e,1.007358551,True,True,True
16c12de8-2d44-4247-91e8-8ce33370ecc1,dce11e57-3861-4f33-a0cf-f70378ea705a,0.998955071,True,True,False
dce11e57-3861-4f33-a0cf-f70378ea705a,16c12de8-2d44-4247-91e8-8ce33370ecc1,0.998955071,True,True,False
c2c790ff-0db3-43b7-9262-56a045b2faee,772aba9a-0f0b-4853-9e7f-62c53c8047cd,0.999823689,False,True,True
6f121abf-b02e-4ebf-b3ad-21d5679bc399,9e62edc9-9f36-47d4-aee7-9e552607d4b3,0.965157270,False,True,False
d024ffd2-7c64-4db7-b106-de95f7596ff5,16c12de8-2d44-4247-91e8-8ce33370ecc1,0.995982409,True,True,False
9776f3af-7844-4a44-96df-3363e8ffbf69,17bdcbda-7719-47fd-93f6-f44f03f03dcc,0.997993469,False,True,True
c2b6cd25-4e41-4016-a936-36697d1b795e,f340ccdd-990b-473f-b9e6-b774e81272a8,1.007358551,True,True,True
5069ed15-9c57-47f8-b519-a4f53a045971,f340ccdd-990b-473f-b9e6-b774e81272a8,0.971915960,True,True,False
bb6d7d87-a0a5-46f6-8e8b-6fe9b157fac2,16d63ac0-66a6-4e44-ba39-fbedc4df9850,0.997998953,False,True,False
e581a4ab-ee8e-4582-8ec4-b8b3ea752d9b,74bc644b-ec28-44dc-b743-0a80226093c8,0.998540044,False,True,False
5963ae67-3eef-41ae-a81d-827a3d3adfa0,6f478c05-21bb-4779-97bf-21830211eea5,1.000936151,False,True,True
18facc69-1e69-4b8b-b2ac-d3772e3012d1,c9f8e216-192c-498e-83cf-423912b55ee8,0.992007554,True,True,False
83c5fa80-5ef1-46d4-b6b2-ecb1a2351705,99964e42-27bb-4fd8-9453-289af2372222,1.002554417,True,True,True
b13490d4-57aa-48ce-8b7d-9314ae22dee4,f9ad1d33-1b48-487b-9953-f4c459377cd6,0.996766567,True,True,False
c6ab0872-f7b7-4026-ad07-c7f6496134e0,63c9c15e-077d-4b72-ad00-64c1360da0fc,0.975532711,True,True,False
f9ad1d33-1b48-487b-9953-f4c459377cd6,b13490d4-57aa-48ce-8b7d-9314ae22dee4,0.996766567,True,True,False
d0c2a817-1f3f-48d0-9dcf-6e1968566b64,a75a5215-7880-476e-a080-881e3495cf3b,0.997476816,True,True,True
63c9c15e-077d-4b72-ad00-64c1360da0fc,10768610-48b2-465a-9f81-ded29318330a,0.994804978,True,True,False
6ac113eb-7a8c-4891-b48a-306d65f50dfe,a11e3bf4-c92b-468b-8143-343650ff016d,0.918186784,True,False,False
10768610-48b2-465a-9f81-ded29318330a,47a6b5de-6499-448a-b653-749fc233c3a4,0.999516606,True,True,True
7954fae9-1048-427b-a93d-cc609cc36ebb,63c9c15e-077d-4b72-ad00-64c1360da0fc,0.990821004,True,True,False
dec61105-a70b-4b05-b9f8-d84c6d0d2dc6,edfddab7-b883-4015-8717-d1049c905104,1.006636977,True,True,True
47a6b5de-6499-448a-b653-749fc233c3a4,10768610-48b2-465a-9f81-ded29318330a,0.999516606,True,True,True
c11d6ab9-a4d1-48b2-939c-f4e933df38b7,dec61105-a70b-4b05-b9f8-d84c6d0d2dc6,0.997938991,True,True,False
e3026518-5869-4876-b156-f1562354f4af,777c17da-a3ba-44d2-ade0-71fcce828c16,0.949277878,True,False,False
edfddab7-b883-4015-8717-d1049c905104,dec61105-a70b-4b05-b9f8-d84c6d0d2dc6,1.006636977,True,True,True
99964e42-27bb-4fd8-9453-289af2372222,83c5fa80-5ef1-46d4-b6b2-ecb1a2351705,1.002554417,True,True,True
ff3d15be-fed1-420a-a3f2-a9188f794bf5,315cadb4-416b-4a36-9055-f77aea64f339,0.933745861,True,False,False
d00f46b6-4c1e-4241-af01-a86596dfccde,e268f5d6-e1a3-4314-93d1-66f3c3b568b9,0.997617364,False,True,False
77dcdee5-2e5c-4f5c-91bd-97f3eb195ed0,6651e006-4428-4af0-8a87-47124adee267,1.000681758,True,True,True
dbc92daf-3b54-4dd7-ac8e-eb4eca44e8d3,4c5fbf43-c98a-45d0-ae01-8546ec949b2f,0.911530316,True,True,False
a75a5215-7880-476e-a080-881e3495cf3b,d0c2a817-1f3f-48d0-9dcf-6e1968566b64,0.997476816,True,True,True
4c5fbf43-c98a-45d0-ae01-8546ec949b2f,7dc1d051-6a55-4d8b-8482-430dd4f8b991,0.982421279,False,True,False
6651e006-4428-4af0-8a87-47124adee267,77dcdee5-2e5c-4f5c-91bd-97f3eb195ed0,1.000681758,True,True,True
a454f604-1179-4243-ae0f-564252f71bf4,edfddab7-b883-4015-8717-d1049c905104,0.985845089,True,True,False
3ee9136f-dbfa-4b26-9adc-3ec02f121d6d,77dcdee5-2e5c-4f5c-91bd-97f3eb195ed0,1.000681758,True,True,True
c33f3516-c84e-4ab2-a302-9e96994d6af5,a454f604-1179-4243-ae0f-564252f71bf4,0.980575919,True,True,False
329b51d3-4c91-4f82-823f-750e7262532a,9a9de304-0f3b-47a4-bbed-597586837b26,0.999307215,False,True,False
c9f8e216-192c-498e-83cf-423912b55ee8,8d4613fd-b243-4501-af78-1b035aa56f68,1.000218153,False,True,False
4164b9c4-6b82-4439-b0aa-fd163862eaa5,77dcdee5-2e5c-4f5c-91bd-97f3eb195ed0,1.000681758,True,True,True
f32b0f5f-797f-441d-8043-c499188e436e,25b787a6-3eaa-45ce-9109-fbe2b51af7d0,0.997064233,False,True,False
b76c7825-4891-4107-b6dd-1ea18b0c0972,ddf68436-bf2d-4b92-8d27-58051ed5fffd,0.997637987,True,True,False
e7f9f9bd-2707-4fc3-af37-ebf132fb6682,48b9b77e-4b9b-47c1-99e6-41ebf5eda5f6,0.998654008,False,True,False
ddf68436-bf2d-4b92-8d27-58051ed5fffd,b76c7825-4891-4107-b6dd-1ea18b0c0972,0.997637987,True,True,False
5ff4bc89-85d5-48be-9a93-ac56aa92096f,25b787a6-3eaa-45ce-9109-fbe2b51af7d0,1.000784516,False,True,True
beff10ee-0651-4d47-9407-5371545fc070,6864b9ed-7093-4a37-8743-5f026e9378a7,0.999173522,True,True,True
e5d02fe2-4819-4d3a-becb-a3dcbf2952ef,9d4c5859-dc3c-404b-9bd1-ea5353af005c,0.988083363,False,True,False
9619b30d-0c9f-4e92-8e8d-72871c0eddb3,25b787a6-3eaa-45ce-9109-fbe2b51af7d0,1.000784516,False,True,True
a11e3bf4-c92b-468b-8143-343650ff016d,6ac113eb-7a8c-4891-b48a-306d65f50dfe,0.918186784,True,False,False
c5945933-7443-42e4-aad8-571eee461244,9650e766-19af-43d2-8a14-65bfac6646a4,0.983797133,True,True,False
b799b9c4-8e57-47ad-90bd-ef893c3a74ea,25b787a6-3eaa-45ce-9109-fbe2b51af7d0,0.997914195,False,True,False
f7fcf90b-5829-498b-b642-1b0a620e2e29,97158987-c6d1-4574-944c-bffa264f19c1,0.997100115,False,True,False
77c0d609-2912-4b70-87f4-ea955c639bae,b06fd697-4eb2-454c-b7d8-2023afa2c58f,0.997805476,False,True,False
315cadb4-416b-4a36-9055-f77aea64f339,97158987-c6d1-4574-944c-bffa264f19c1,0.996310115,False,True,False
e756c2fc-68ae-4b37-be7d-b4c50013ff38,b7df6828-775b-4ca6-9188-f89469734ce9,0.997336745,True,True,True
76f7605a-1184-468f-8f0b-e468c0748293,fae2183d-a38e-4476-82a1-c76179f07347,0.996062338,True,True,False
6c4f6e7b-dea8-443f-a31f-fcc44ee14610,f7fcf90b-5829-498b-b642-1b0a620e2e29,0.986782253,True,True,False
9650e766-19af-43d2-8a14-65bfac6646a4,7b15b37d-9bfe-4595-bdc9-93bd726968b6,0.985233426,True,True,False
0eadc1e3-a860-4f96-a1ae-7dbdfc473a96,27dac796-8c66-4259-b433-fc7b017cd8a5,0.986286879,True,True,False
fae2183d-a38e-4476-82a1-c76179f07347,76f7605a-1184-468f-8f0b-e468c0748293,0.996062338,True,True,False
27dac796-8c66-4259-b433-fc7b017cd8a5,0eadc1e3-a860-4f96-a1ae-7dbdfc473a96,0.986286879,True,True,False
01fa1980-999b-4e13-ba02-2e0cb98c45a2,bd31c4b9-e992-4ffb-8154-12d16998658b,0.992045283,False,True,False
705a4db2-927d-4176-b6e7-7b8978c103d7,ccbfd35e-4b61-470b-af00-ad1ae5bdeaac,0.986262679,True,True,False
777c17da-a3ba-44d2-ade0-71fcce828c16,ccbfd35e-4b61-470b-af00-ad1ae5bdeaac,0.986972094,True,True,False
ccbfd35e-4b61-470b-af00-ad1ae5bdeaac,777c17da-a3ba-44d2-ade0-71fcce828c16,0.986972094,True,True,False
a4d8a421-1d60-48d8-9308-895874748f1a,25b787a6-3eaa-45ce-9109-fbe2b51af7d0,1.000784516,False,True,True
82824b3e-f56d-4874-9f7e-b96ebc02a8e6,25b787a6-3eaa-45ce-9109-fbe2b51af7d0,0.997914195,False,True,False
b7df6828-775b-4ca6-9188-f89469734ce9,e756c2fc-68ae-4b37-be7d-b4c50013ff38,0.997336745,True,True,True
b7ade635-655f-4e7e-8f4e-9cc8656619c1,b76c7825-4891-4107-b6dd-1ea18b0c0972,0.997637987,True,True,False
c3903172-3ada-4993-9154-7b05f54b0e2b,feff8d1b-bebd-4fb0-abfe-ee03d69fd0c4,0.996424794,False,True,True
7b15b37d-9bfe-4595-bdc9-93bd726968b6,9650e766-19af-43d2-8a14-65bfac6646a4,0.985233426,True,True,False
69b04af7-14de-4b77-8141-44eb2088d7f8,25b787a6-3eaa-45ce-9109-fbe2b51af7d0,1.000784516,False,True,True
4035585f-c6e7-46a4-a7c4-06beb190310c,25b787a6-3eaa-45ce-9109-fbe2b51af7d0,1.000784516,False,True,True
46ed9f6b-50af-4f95-b887-354b97e42ef1,25b787a6-3eaa-45ce-9109-fbe2b51af7d0,1.000784516,False,True,True
064096c8-ee7e-4b66-8f2c-f5628ad6355b,e756c2fc-68ae-4b37-be7d-b4c50013ff38,0.985450983,True,True,False
70f507ba-9ea9-4623-8641-8e5d3d14b6d3,25b787a6-3eaa-45ce-9109-fbe2b51af7d0,1.000784516,False,True,True
d7c12195-66bd-4607-8291-599d3ed5ad27,25b787a6-3eaa-45ce-9109-fbe2b51af7d0,1.000784516,False,True,True
8909b564-1184-4471-b40f-68a05242b40d,48b9b77e-4b9b-47c1-99e6-41ebf5eda5f6,0.996041298,False,True,False
d9cc10db-20a7-4340-b41f-88de20487943,f7fcf90b-5829-498b-b642-1b0a620e2e29,0.989071250,True,True,False
6864b9ed-7093-4a37-8743-5f026e9378a7,beff10ee-0651-4d47-9407-5371545fc070,0.999173522,True,True,True
2002bfc4-46ab-488e-8a2a-6dc9193f6bee,25b787a6-3eaa-45ce-9109-fbe2b51af7d0,0.997914195,False,True,False
8b092328-e7c4-429c-a1df-5e56c611b933,1e45abb8-8c01-45d0-a635-645f97ee262e,0.999135196,False,True,False
009b38bf-7615-4b22-8d92-fd9b644f268d,1e45abb8-8c01-45d0-a635-645f97ee262e,0.991885304,False,True,False
8984032d-438c-46ed-ba67-f3ed4a75d5c4,6a4fe970-772f-4778-babb-8966bba98c86,0.997550011,True,True,False
c0ef2604-e8b5-4e64-af13-576551f5d7b4,57d4fcca-2b28-4cba-8fa1-ed5b241001f1,0.994370639,True,True,False
57d4fcca-2b28-4cba-8fa1-ed5b241001f1,c0ef2604-e8b5-4e64-af13-576551f5d7b4,0.994370639,True,True,False
a41a1305-177e-4ccd-bbd7-0318776b3a34,12592578-60b6-49c7-923d-74b4a18d4704,0.981474638,False,True,False
5ac6574d-9851-469b-aa9c-1118754e54c1,1d1040cd-1817-4365-ae71-c7ba48600af8,1.004472136,True,True,True
4d696a16-25e2-4813-a8cd-a4387803d64a,1e45abb8-8c01-45d0-a635-645f97ee262e,0.976765096,False,True,False
6a4fe970-772f-4778-babb-8966bba98c86,0e879240-c200-4a89-9952-95a5ac3f567b,1.002468109,True,True,False
0e879240-c200-4a89-9952-95a5ac3f567b,6a4fe970-772f-4778-babb-8966bba98c86,1.002468109,True,True,False
1d1040cd-1817-4365-ae71-c7ba48600af8,5ac6574d-9851-469b-aa9c-1118754e54c1,1.004472136,True,True,True
8a8c25c7-07ad-4025-b026-b073097bedd2,9db69775-41c4-466e-92b8-7e37a3efad35,0.955107808,True,True,False
9db69775-41c4-466e-92b8-7e37a3efad35,8b092328-e7c4-429c-a1df-5e56c611b933,0.987165451,True,True,False
93fd7d09-5964-4eca-9233-547e1f70bea6,5e1a84ec-625e-4c90-85da-3a938a338606,0.990853131,True,True,False
5e1a84ec-625e-4c90-85da-3a938a338606,93fd7d09-5964-4eca-9233-547e1f70bea6,0.990853131,True,True,False
643db047-d7e1-42bb-b5de-59bbe2f79851,9046d9a6-6712-4ab2-b741-0c47203bf163,0.991410017,False,True,False
469f2bb6-0aac-4d44-9cc4-856ec5fe2019,fbc87b93-b222-434d-a4e4-2fed8d35a934,0.990059853,False,True,False
303a3ea7-1bdc-48ef-a6ea-d2b2342f27db,fac18df3-a686-4050-9278-e298c8b1bdd0,0.992491484,True,True,False
49e88bca-b159-4929-a9e0-2c26cf7c9ba4,ecdf86d1-cb57-4a90-8663-6c362cc16c49,0.987421453,True,True,False
ecdf86d1-cb57-4a90-8663-6c362cc16c49,aa76343b-ccab-4e5f-a6e7-ac5ffa4fb0a4,0.990949273,False,True,False
ed688b6d-7953-42b3-a4f2-bf67f4bdbef7,8496045e-02f2-43a4-a6c5-b78521282811,0.987250805,False,True,False
b79d8cb6-46d3-44ae-974e-34d96b1934d2,ecdf86d1-cb57-4a90-8663-6c362cc16c49,0.983380198,True,True,False
13f2a404-b109-4dde-b4a7-6dcc8b80f911,30385121-6f9f-4cf7-b9a4-f7c274a02fae,0.991416216,False,True,False
975fcafb-bf40-48f9-a4b3-41ab1351d180,30385121-6f9f-4cf7-b9a4-f7c274a02fae,0.979804039,False,True,False
fac18df3-a686-4050-9278-e298c8b1bdd0,303a3ea7-1bdc-48ef-a6ea-d2b2342f27db,0.992491484,True,True,False
e250df02-c071-4d1c-ac9b-13358589f832,13f2a404-b109-4dde-b4a7-6dcc8b80f911,0.988876641,True,True,False
d45e2803-c62e-452a-ae7e-1967147815c3,0d76c8fe-24ab-4d64-bcf4-e94cd60fd6d3,0.991676688,True,True,False
0d76c8fe-24ab-4d64-bcf4-e94cd60fd6d3,d45e2803-c62e-452a-ae7e-1967147815c3,0.991676688,True,True,False
2a0d2343-fe38-4c5f-b5de-3b618a7cea24,7e833287-fbce-453c-8ac5-03a57d5966d2,0.996676922,False,True,False
617774c2-fa49-4faa-b6bf-edbbc5aaae2f,c794fe45-51ee-4688-804d-67f1b74960eb,0.995976925,False,True,False
a8699feb-c20e-4d08-93a8-67c6c77c629d,3d587a51-d3cc-466e-916a-bab82aa2600e,1.000253320,False,True,False
f851ad87-fbb3-48c7-b88c-18d5afef1237,3d587a51-d3cc-466e-916a-bab82aa2600e,1.000441909,False,True,False
c4813f52-654a-49aa-a44c-d8c5ce73f92c,7f9ebc09-c7a9-4d31-98b9-5cc3d1ccd253,0.990780234,False,True,False
d17e1fcc-92f2-4a16-a158-d4f522b37263,2a0d2343-fe38-4c5f-b5de-3b618a7cea24,0.995856941,True,True,False
105773a6-2dfd-4749-8d84-f4ffc4e6a625,2a0d2343-fe38-4c5f-b5de-3b618a7cea24,0.994172454,True,True,False
74575a54-0b2a-4b35-b448-c0e239226e8a,e7abb82b-5bb7-4611-9815-7772f24b38a9,0.992594957,False,True,False
f8599eda-104f-46b1-8b66-37e102a1b1df,d71de3a6-a636-49fd-b189-bdfc54f37318,0.990521312,False,True,False
1379193f-e173-40c0-a211-77f3f738da68,d71de3a6-a636-49fd-b189-bdfc54f37318,0.995218098,False,True,False
26f15cff-709b-44da-90c1-939e6aec4628,bb4c7d89-8000-4cc4-99d1-a7673ae70073,0.997904778,False,True,False
cbb7274b-0ae3-4a8c-a9ac-ab10b90aea86,feb9881c-bdbe-4e29-b2ba-a03f07d15202,0.993788600,False,True,False
7dfb614d-cb81-4ed9-a329-f92f53d76b39,91838127-6927-4dcd-8159-3c2a8c2ae737,0.993832946,False,True,False
a7678f48-3fc2-405d-8bea-58ebe34650a2,7b93456a-327a-4b35-add1-b01be32c1058,0.997946382,False,True,False
899f426c-4c4f-4516-bdcb-dcf8892f167e,a7678f48-3fc2-405d-8bea-58ebe34650a2,0.997369945,True,True,False
07223bc1-95da-4821-8e14-9e0f8723032b,d45e2803-c62e-452a-ae7e-1967147815c3,0.975784183,True,True,False
5c3c2a02-416b-40c6-b7c3-2db6903cf384,33834ad6-0db0-46ea-9fd8-d8506c8ddd35,0.966420352,False,True,False
23abbeeb-06d0-4c08-af19-8716817796c4,2a0d2343-fe38-4c5f-b5de-3b618a7cea24,0.994532108,True,True,False
81fcfe36-45d2-434c-80c1-f4f186945a44,9d843184-9af2-45d8-85f5-23aff89efedd,0.994376659,False,True,False
1edaee62-4b7a-4912-899a-4b1ac7bf1ba4,71166268-aef4-4b1f-b7ea-4433f172ff5d,0.993858099,True,True,False
f8fb4d79-bef8-4ef1-a70a-ade185fe007a,3a0b2eed-ced6-4718-997d-96af1e44baa4,0.976232111,True,True,False
f3d5cf89-0e72-4456-aae6-2f5ce1f498aa,7655b2cc-9d7d-4fe1-9d2a-71ce3d40a2c9,0.997159302,False,True,False
04a59a77-bb83-4df9-88d2-73f64300de7f,3fd40e2e-2ff5-49fa-976f-44eeac95d0cd,0.992411137,False,True,False
ed893e81-88dc-42fd-ab1a-3922fa7cd887,84da993d-4a95-4a72-8b54-d022c9f8c190,0.996327519,True,True,False
27f6faca-de01-4dfd-b20d-b691fa92c3a5,5931acdc-1f09-4664-9259-66f5c8655df8,0.992022276,False,True,False
45a7b9bf-4435-4b6d-974a-47da24ff05ba,71166268-aef4-4b1f-b7ea-4433f172ff5d,0.997324586,True,True,False
84da993d-4a95-4a72-8b54-d022c9f8c190,92afb553-3cc7-4c15-bfc4-0cf17e2b62c9,0.998173833,True,True,False
23f75a21-a02f-4e74-afc2-407c109e63e4,3838461c-1afb-43c9-b652-a45854bcb338,0.986398399,False,True,False
5ddc2550-af26-4415-8f52-271db78f0164,bafad1b6-72d6-4dc2-835d-7c6b73d2d131,0.991853833,True,True,False
92afb553-3cc7-4c15-bfc4-0cf17e2b62c9,84da993d-4a95-4a72-8b54-d022c9f8c190,0.998173833,True,True,False
db613404-fa1b-4b53-a9bc-b5d73581b93b,7655b2cc-9d7d-4fe1-9d2a-71ce3d40a2c9,0.997182250,False,True,False
3a0b2eed-ced6-4718-997d-96af1e44baa4,cd74fdc2-6b64-4492-bda2-5923ccd0032f,0.989975154,True,True,False
048b7428-e472-4c98-9349-650f59550d49,26ca80ae-513b-4001-9bdb-2701a12afd47,0.996106029,True,True,False
bafad1b6-72d6-4dc2-835d-7c6b73d2d131,a4702a88-77e5-44ca-a76f-394389689b26,0.993407905,False,True,False
cd74fdc2-6b64-4492-bda2-5923ccd0032f,3a0b2eed-ced6-4718-997d-96af1e44baa4,0.989975154,True,True,False
bb675ae6-d9e7-4a3a-8055-7e8f9506a9cf,4fee5b9f-07de-4074-a2d1-243f14d1501b,0.995127678,False,True,False
7a12e236-456d-47df-a3eb-92cb50638979,b7cd5eb7-4fec-49bd-a5d7-5b28a1007b19,0.992166042,False,True,False
71166268-aef4-4b1f-b7ea-4433f172ff5d,dfedc544-ea78-4209-8e95-a1079817821c,0.999365270,False,True,False
0d46fb43-6939-4cfd-8e71-8954b554ce8a,26ca80ae-513b-4001-9bdb-2701a12afd47,0.990575135,True,True,False
2b26b75f-80cc-4e01-ab54-81f220f87950,b7cd5eb7-4fec-49bd-a5d7-5b28a1007b19,0.994774342,False,True,False
26ca80ae-513b-4001-9bdb-2701a12afd47,048b7428-e472-4c98-9349-650f59550d49,0.996106029,True,True,False
9158f424-d7d7-4bdc-959e-94dce2fb14c1,85fb81cc-18ff-464a-8ee1-ec11e4463cef,0.997033000,False,True,False
e717a09f-c2ea-4a8d-a8d4-0434af2a1c15,8f81afa7-37e0-48c7-838f-916e5ccecde3,0.994114876,False,True,False
57d6beec-5c31-40c0-b6ca-f6bcf486cf68,737fd1e6-2dd8-413f-8905-1bb13654a9d4,0.992670059,False,True,False
63bdfcdc-8fbd-4cc8-ad76-ce719910b2d3,781deea2-ece5-4261-b8cd-daf169e4a0cc,0.998477101,False,True,False
a1c409fd-2a01-49ec-b9fe-59494b155645,69520edb-9808-4856-befc-1e8c6d7d2d81,0.992109299,True,True,False
507bcd3d-cf94-4eff-a4b6-1b05243d4d92,781deea2-ece5-4261-b8cd-daf169e4a0cc,0.994040012,False,True,False
a8a44194-36d6-446d-87f5-b2668c562c54,f40158bc-434a-45d6-8464-543e0fe30232,0.991572559,True,True,False
85f595ce-f51e-4013-881f-69776b71e161,57d6beec-5c31-40c0-b6ca-f6bcf486cf68,0.991830349,True,True,False
ff4d00bc-6461-4b8e-a0a3-59e45ee3ac76,737fd1e6-2dd8-413f-8905-1bb13654a9d4,0.985788286,False,True,False
f1ebf2b8-38bf-492a-94f4-9e58a038e3f4,5d82e0b6-96d0-48cb-b790-1e9b0fe73b82,0.973394930,False,True,False
739f9064-118f-4090-bc31-11a18eee1648,ff4d00bc-6461-4b8e-a0a3-59e45ee3ac76,0.985720992,True,True,False
69520edb-9808-4856-befc-1e8c6d7d2d81,f40158bc-434a-45d6-8464-543e0fe30232,0.992838860,True,True,False
f40158bc-434a-45d6-8464-543e0fe30232,d2f08a64-112a-41e3-8866-9a05aa9bf84d,0.993735015,False,True,False
8de1ca47-e001-48c3-a353-a521c56a3c95,48275430-431e-49d2-a494-58f97d156607,0.996769726,False,True,True
a6b29f53-febf-479f-993d-ec0a9507a236,2b07a26c-1b8b-4de8-bdba-61a269226fe9,0.999743581,False,True,True
c6cca030-603c-4b4b-a7cd-be4b7e0789e5,3d1c10bf-4dbb-4a3d-a3a7-91253b059f52,0.998512268,False,True,False
0f0cfb53-b6ab-457f-995f-77079e413261,91a18387-80d7-41e9-a9d6-a52594117f15,0.997196734,True,True,True
91a18387-80d7-41e9-a9d6-a52594117f15,0f0cfb53-b6ab-457f-995f-77079e413261,0.997196734,True,True,True
963bea28-f89e-4ba2-b63c-66e8e84e7961,0f0cfb53-b6ab-457f-995f-77079e413261,0.997196734,True,True,True
99407734-5ed9-4db0-b8f6-84cc622fdee1,aedbb437-0ce1-4316-badd-804f0b8b86f5,0.999008000,True,True,True
94390f12-71af-4b79-ae6c-a865b8942725,7726ac5a-29d6-446a-be5a-df4a3ab672c2,1.000979185,True,True,True
86e9b406-de51-45f3-8be5-e4a0040c270f,dc997ee7-1816-4ab1-ac50-ec16fece4c9a,1.001726031,False,True,True
f83debdc-f2af-44e2-a444-f741607b0499,3c3add3f-bfd8-497c-85dc-6374a52983dd,0.998271406,False,True,False
b513544b-c5bb-42a7-a057-401b9a524ee3,d3a6523f-f77b-413c-9634-7c8301646ecd,0.995795369,False,True,False
32e8c01d-ab12-406f-a017-555a44b0d759,e0f5f45c-43d9-44a8-9c4c-af583e035bbc,0.998456120,False,True,False
2a2474c9-8435-4ae3-9e3c-0867d25309ae,aedbb437-0ce1-4316-badd-804f0b8b86f5,0.999008000,True,True,True
f8e908ba-82c4-4060-a056-adb80f7097a6,e853a237-2587-480a-9ce3-c0f5b4f3ba5a,1.000222921,True,True,True
e5bc82d2-a79e-4886-8c56-026f663c6945,aedbb437-0ce1-4316-badd-804f0b8b86f5,0.999008000,True,True,True
9e62edc9-9f36-47d4-aee7-9e552607d4b3,13c7c6ad-a1fa-4085-b5e0-465c23a88324,0.994297028,False,True,False
17bdcbda-7719-47fd-93f6-f44f03f03dcc,9776f3af-7844-4a44-96df-3363e8ffbf69,0.997993469,False,True,True
ad1213b6-958f-48e1-84c2-d7fffc1bd9b5,ab13a270-a928-4b3c-a009-11e6449426fc,1.000744700,False,True,False
c55c9e6f-3d72-44b1-9a8e-e0256a27d9b1,d3a6523f-f77b-413c-9634-7c8301646ecd,1.000018239,False,True,False
28cae5f7-17cb-4a2d-9b03-f3bc2319eeb4,7726ac5a-29d6-446a-be5a-df4a3ab672c2,0.998312473,True,True,False
007a5e87-30fd-4b4f-ba08-e33a6ce19ab2,9776f3af-7844-4a44-96df-3363e8ffbf69,0.997993469,False,True,True
06df9a70-7131-4997-98f1-8dec7796e018,86e9b406-de51-45f3-8be5-e4a0040c270f,1.000915766,True,True,False
e853a237-2587-480a-9ce3-c0f5b4f3ba5a,bfe2fbdc-eea4-493c-a701-cd6b9edf45d8,1.002825499,False,True,True
954cce4d-dce7-4b71-b018-c5b14b4d4509,aedbb437-0ce1-4316-badd-804f0b8b86f5,0.999008000,True,True,True
a9917c53-9602-4a20-a42e-a898de6924f4,e0f5f45c-43d9-44a8-9c4c-af583e035bbc,1.004279137,False,True,True
b3609ad2-1f9c-4e64-9401-00e005d2c955,9776f3af-7844-4a44-96df-3363e8ffbf69,0.997993469,False,True,True
d7c6e298-40fe-43a0-9f33-b34229c97760,9776f3af-7844-4a44-96df-3363e8ffbf69,0.997993469,False,True,True
aedbb437-0ce1-4316-badd-804f0b8b86f5,d8549747-47d8-4ac2-9b04-7ae315fe44c8,0.999687314,True,True,True
852d1fd3-14eb-4f53-b71f-59dbe07c9bfd,9776f3af-7844-4a44-96df-3363e8ffbf69,0.997993469,False,True,True
16d63ac0-66a6-4e44-ba39-fbedc4df9850,bb6d7d87-a0a5-46f6-8e8b-6fe9b157fac2,0.997998953,False,True,False
7726ac5a-29d6-446a-be5a-df4a3ab672c2,a66423df-6ccb-4d43-94f1-a00b30efd8a5,1.002057195,False,True,True
d8549747-47d8-4ac2-9b04-7ae315fe44c8,aedbb437-0ce1-4316-badd-804f0b8b86f5,0.999687314,True,True,True
6f478c05-21bb-4779-97bf-21830211eea5,5963ae67-3eef-41ae-a81d-827a3d3adfa0,1.000936151,False,True,True
b3318932-8155-4a99-9596-69abac84ea44,d0fedd35-2954-4c12-b8d0-86ab973c93c9,0.994658649,True,True,False
c4f23f44-fb46-46a8-93d5-9b844bfb32a3,7dc1d051-6a55-4d8b-8482-430dd4f8b991,1.001523256,True,True,False
1c8541a5-a621-49f5-8c66-ecb61546cf06,fea02c18-94e3-42bc-96ce-8e8acc3d5f1e,0.996693730,True,True,True
df39ce2a-ad19-4132-853d-8e6a059c1151,83c5fa80-5ef1-46d4-b6b2-ecb1a2351705,1.002554417,False,True,True
fea02c18-94e3-42bc-96ce-8e8acc3d5f1e,1c8541a5-a621-49f5-8c66-ecb61546cf06,0.996693730,True,True,True
9bd2eb5b-ac0d-41f1-8a33-9036eb57d5b7,83c5fa80-5ef1-46d4-b6b2-ecb1a2351705,1.002554417,False,True,True
e2379fbe-02f9-4291-a3bd-ca07b6604449,1c8541a5-a621-49f5-8c66-ecb61546cf06,0.996693730,True,True,True
e268f5d6-e1a3-4314-93d1-66f3c3b568b9,dd06aa0d-f4c2-4082-9d71-814fe98b5666,1.000208378,True,True,True
43c2cc3b-18aa-4b2c-8aef-f95ffcc2d0a4,49e901b8-42ce-467f-ba78-4f802a9e224e,0.996291876,True,True,False
89361758-dc84-45a3-9bc2-a266cbaffa4f,83c5fa80-5ef1-46d4-b6b2-ecb1a2351705,1.002554417,False,True,True
d0fedd35-2954-4c12-b8d0-86ab973c93c9,c4f23f44-fb46-46a8-93d5-9b844bfb32a3,0.996234894,True,True,False
14119f4f-5d5e-4069-aca7-44a9278f97d4,83c5fa80-5ef1-46d4-b6b2-ecb1a2351705,1.002554417,False,True,True
49e901b8-42ce-467f-ba78-4f802a9e224e,43c2cc3b-18aa-4b2c-8aef-f95ffcc2d0a4,0.996291876,True,True,False
7dc1d051-6a55-4d8b-8482-430dd4f8b991,c4f23f44-fb46-46a8-93d5-9b844bfb32a3,1.001523256,True,True,False
35178970-518a-46f1-9928-9471335b7c54,716ce154-f598-4e25-8e4a-9405d5d01e71,0.996418715,True,True,False
716ce154-f598-4e25-8e4a-9405d5d01e71,5963ae67-3eef-41ae-a81d-827a3d3adfa0,0.999273777,False,True,False
dd06aa0d-f4c2-4082-9d71-814fe98b5666,e268f5d6-e1a3-4314-93d1-66f3c3b568b9,1.000208378,True,True,True
8d4613fd-b243-4501-af78-1b035aa56f68,c9f8e216-192c-498e-83cf-423912b55ee8,1.000218153,False,True,False
b812e974-9025-461d-8b14-e3f2f84650fc,83c5fa80-5ef1-46d4-b6b2-ecb1a2351705,1.002554417,False,True,True
d43ad131-700a-41bd-9dc1-9d17bbe76956,83c5fa80-5ef1-46d4-b6b2-ecb1a2351705,1.002554417,False,True,True
74bc644b-ec28-44dc-b743-0a80226093c8,da06ac3b-448d-48d8-943d-5efab04d603e,1.001374841,False,True,True
06d54b09-d8bb-43e9-8fb0-b799ec564863,3259b1d8-fde1-4ff3-ad82-290f831964d8,1.002400398,True,True,True
cd118f76-8e5b-4437-8a01-c10f260265a0,25b787a6-3eaa-45ce-9109-fbe2b51af7d0,1.000784516,True,True,True
97158987-c6d1-4574-944c-bffa264f19c1,f7fcf90b-5829-498b-b642-1b0a620e2e29,0.997100115,False,True,False
30384991-c24d-4aa7-a5f5-e98a6cd191d3,3259b1d8-fde1-4ff3-ad82-290f831964d8,1.002400398,True,True,True
b06fd697-4eb2-454c-b7d8-2023afa2c58f,cf636e18-2b07-42a7-a8ff-f0e9b7b50b8b,0.998312235,True,True,False
2c7033d5-7d5a-4f34-9a33-d649fbff591e,97158987-c6d1-4574-944c-bffa264f19c1,0.989709437,True,True,False
129f9929-9acc-478d-883f-c10466157909,6a8230d4-69da-4f0f-810e-9ca9d9004b0d,1.000506639,True,True,True
7f64f169-4b82-4ccc-b83d-97198c1caaa9,b76c7825-4891-4107-b6dd-1ea18b0c0972,0.997637987,False,True,False
12e8b909-499a-4371-af00-f33e37ecb88c,3259b1d8-fde1-4ff3-ad82-290f831964d8,1.002400398,True,True,True
836ba4e7-7aae-4293-8a65-740b96722c7d,97158987-c6d1-4574-944c-bffa264f19c1,0.992488384,True,True,False
8dd7e88f-17c8-4508-a2f2-f3fe5af85b6c,b06fd697-4eb2-454c-b7d8-2023afa2c58f,0.998025358,True,True,False
b3e17d7c-a7de-4696-aa37-ca1acbfa651d,b06fd697-4eb2-454c-b7d8-2023afa2c58f,0.993041873,True,True,False
9597a200-7695-4d7f-bfb8-68ac38df5395,3259b1d8-fde1-4ff3-ad82-290f831964d8,1.002400398,True,True,True
25b787a6-3eaa-45ce-9109-fbe2b51af7d0,5ff4bc89-85d5-48be-9a93-ac56aa92096f,1.000784516,False,True,True
ff471bf9-85a8-45d1-9c86-22962fdfc01e,a245ebed-56ba-4532-909c-c9b797005ab1,1.000500083,True,True,False
a245ebed-56ba-4532-909c-c9b797005ab1,93ec6d8b-a9ae-47a3-b72f-2bdc1253312a,1.007078290,True,True,True
3259b1d8-fde1-4ff3-ad82-290f831964d8,165135c0-2fe4-44b6-abb8-b9c31d2bf2cf,1.004188061,True,True,True
99b79f30-7d51-4d4d-a402-530cbe941e52,3259b1d8-fde1-4ff3-ad82-290f831964d8,1.002400398,True,True,True
8325e69e-868a-41ab-a8ba-e8c1eac27c5d,48b9b77e-4b9b-47c1-99e6-41ebf5eda5f6,0.989829779,False,True,False
3c3affbf-0a57-4e3c-a583-345cab840a9c,3259b1d8-fde1-4ff3-ad82-290f831964d8,1.002400398,True,True,True
38ec1020-5921-477e-b6d1-ecb96b4e9e95,3259b1d8-fde1-4ff3-ad82-290f831964d8,1.002400398,True,True,True
93ec6d8b-a9ae-47a3-b72f-2bdc1253312a,a245ebed-56ba-4532-909c-c9b797005ab1,1.007078290,True,True,True
0ee2ae68-8e64-431b-83d7-9a5adc6b9a2b,25b787a6-3eaa-45ce-9109-fbe2b51af7d0,1.000784516,True,True,True
3c7de0e8-ed94-48e5-ac27-98e1c3eb5bc3,3259b1d8-fde1-4ff3-ad82-290f831964d8,1.002400398,True,True,True
cf636e18-2b07-42a7-a8ff-f0e9b7b50b8b,b06fd697-4eb2-454c-b7d8-2023afa2c58f,0.998312235,True,True,False
165135c0-2fe4-44b6-abb8-b9c31d2bf2cf,3259b1d8-fde1-4ff3-ad82-290f831964d8,1.004188061,True,True,True
fa793c83-2173-44ed-8dd7-1a904461c37b,3259b1d8-fde1-4ff3-ad82-290f831964d8,1.002400398,True,True,True
c7e60f7c-618c-489f-be06-ae069e88688c,3259b1d8-fde1-4ff3-ad82-290f831964d8,1.002400398,True,True,True
85d0149f-66d2-40ed-90cf-9a800a625cfd,3259b1d8-fde1-4ff3-ad82-290f831964d8,1.002352238,True,True,False
6a8230d4-69da-4f0f-810e-9ca9d9004b0d,129f9929-9acc-478d-883f-c10466157909,1.000506639,True,True,True
12592578-60b6-49c7-923d-74b4a18d4704,e8404dd4-7722-4da0-8a66-1d54455a30f5,0.991748631,True,True,False
f41811ec-7242-4370-ab68-a747c38b5155,f43472c8-66e2-4b78-be56-9116bc1fcf56,0.985825002,True,True,False
1e45abb8-8c01-45d0-a635-645f97ee262e,8b092328-e7c4-429c-a1df-5e56c611b933,0.999135196,False,True,False
d8c30df5-b258-4e2f-b838-aa3a71ee602c,502465fb-fed8-4164-ba6f-93b4111f7020,0.993854940,False,True,False
2b38ee0c-692b-459b-8d53-bc33339c2549,90f7de68-59a8-49c6-813c-0967875a3476,0.995231509,True,True,False
8a4d82d6-669e-4130-9e19-b4c3f40dcd08,0ede6b9c-465f-451f-b8b7-0c2f69467fd2,0.997241855,True,True,False
a1d9afe6-1944-4250-9c88-5f4df4f26bc7,90f7de68-59a8-49c6-813c-0967875a3476,0.992264450,True,True,False
e8404dd4-7722-4da0-8a66-1d54455a30f5,90f7de68-59a8-49c6-813c-0967875a3476,0.998046100,True,True,False
f43472c8-66e2-4b78-be56-9116bc1fcf56,0ede6b9c-465f-451f-b8b7-0c2f69467fd2,0.987087131,True,True,False
90f7de68-59a8-49c6-813c-0967875a3476,50c95cb9-04f1-42d6-85ba-3f10e3d19211,1.000290990,False,True,False
4a82a0cf-13d8-4b7c-a7d9-457c9c285273,1e45abb8-8c01-45d0-a635-645f97ee262e,0.990327954,True,True,False
cc37f936-e0a6-433a-8572-8190352b4ad0,1e45abb8-8c01-45d0-a635-645f97ee262e,0.997565031,True,True,False
c8111761-ac73-424a-8378-b9ac07957006,e610d788-f81e-411b-97cc-f7f1746c06a2,0.997279167,False,True,False
0ede6b9c-465f-451f-b8b7-0c2f69467fd2,8a4d82d6-669e-4130-9e19-b4c3f40dcd08,0.997241855,True,True,False
04be5fef-01e5-4fa2-9b17-e6fb00dacb0c,8b092328-e7c4-429c-a1df-5e56c611b933,0.994873047,False,True,False
daa9ab8b-8c72-40a5-9b1e-68e80659ece6,cbb3601d-7cc5-4356-ac3e-5269904a3f35,0.990701675,False,True,False
72b351c8-def2-493a-8a07-6a3b98848850,93fd7d09-5964-4eca-9233-547e1f70bea6,0.981691480,False,True,False
8496045e-02f2-43a4-a6c5-b78521282811,ed688b6d-7953-42b3-a4f2-bf67f4bdbef7,0.987250805,False,True,False
9046d9a6-6712-4ab2-b741-0c47203bf163,fbc87b93-b222-434d-a4e4-2fed8d35a934,0.993954659,False,True,False
99b58b90-071e-4e45-bfc3-c550e45af3a5,a7678f48-3fc2-405d-8bea-58ebe34650a2,0.997772753,False,True,False
ea3b121b-a517-4595-a5a3-33303f65ed91,26f15cff-709b-44da-90c1-939e6aec4628,0.997241378,False,True,False
3d587a51-d3cc-466e-916a-bab82aa2600e,f851ad87-fbb3-48c7-b88c-18d5afef1237,1.000441909,False,True,False
d71de3a6-a636-49fd-b189-bdfc54f37318,1379193f-e173-40c0-a211-77f3f738da68,0.995218098,False,True,False
33834ad6-0db0-46ea-9fd8-d8506c8ddd35,7b93456a-327a-4b35-add1-b01be32c1058,0.996288955,True,True,False
7b93456a-327a-4b35-add1-b01be32c1058,a7678f48-3fc2-405d-8bea-58ebe34650a2,0.997946382,False,True,False
bb55e7f8-f829-4c7e-8639-6e1be11898d7,d71de3a6-a636-49fd-b189-bdfc54f37318,0.991266251,True,True,False
e792fe39-8631-4575-9828-7a017eb99b8e,7f9ebc09-c7a9-4d31-98b9-5cc3d1ccd253,0.998065829,True,True,False
91838127-6927-4dcd-8159-3c2a8c2ae737,7dfb614d-cb81-4ed9-a329-f92f53d76b39,0.993832946,False,True,False
8e9c4abf-5757-4af3-94e3-dfecbfec9e32,048f21ec-b383-4533-b345-71040d102f59,0.993283033,True,True,False
01171f4f-a530-48c3-830e-635f3b438d53,9d843184-9af2-45d8-85f5-23aff89efedd,0.999689102,False,True,False
c794fe45-51ee-4688-804d-67f1b74960eb,617774c2-fa49-4faa-b6bf-edbbc5aaae2f,0.995976925,False,True,False
2689392f-4c4c-4489-b7db-4ad7fce2a83c,2ac258ee-8c76-4f97-99b8-61b4345f9072,0.991331339,True,True,False
2ac258ee-8c76-4f97-99b8-61b4345f9072,7b93456a-327a-4b35-add1-b01be32c1058,0.995583832,True,True,False
e81a1d01-0e4a-4461-af68-12353a955f09,048f21ec-b383-4533-b345-71040d102f59,0.997327089,True,True,False
96e419d3-0765-4a9f-8b03-734f39ea9d4d,3d587a51-d3cc-466e-916a-bab82aa2600e,0.995335281,True,True,False
7f9ebc09-c7a9-4d31-98b9-5cc3d1ccd253,e792fe39-8631-4575-9828-7a017eb99b8e,0.998065829,True,True,False
2821f9f9-7879-40cb-ab6d-94e49915d1b3,9d843184-9af2-45d8-85f5-23aff89efedd,0.997122228,False,True,False
9f4bf991-f4fa-4752-bb73-365a38e93aca,9d843184-9af2-45d8-85f5-23aff89efedd,0.996548057,False,True,False
bb4c7d89-8000-4cc4-99d1-a7673ae70073,26f15cff-709b-44da-90c1-939e6aec4628,0.997904778,False,True,False
93a8362b-4a55-44c5-b43a-f176b43c74a2,ea3b121b-a517-4595-a5a3-33303f65ed91,0.996633232,True,True,False
feb9881c-bdbe-4e29-b2ba-a03f07d15202,7e833287-fbce-453c-8ac5-03a57d5966d2,0.997208059,False,True,False
048f21ec-b383-4533-b345-71040d102f59,e81a1d01-0e4a-4461-af68-12353a955f09,0.997327089,True,True,False
70f540e3-e280-460f-8445-ed51ba80dd87,bb4c7d89-8000-4cc4-99d1-a7673ae70073,0.992345989,True,True,False
e6fb53aa-9df6-436f-bca0-05caa2c51108,0486e42c-ad6d-49a1-bd3f-f2ebb4f3376a,0.975324512,False,True,False
d833c9a4-9a03-43c2-96e5-0702693791a1,048b7428-e472-4c98-9349-650f59550d49,0.977376997,False,True,False
e5bd4ed9-1851-4b65-9384-d7040cf4f49b,8fb312e3-3579-42a9-aaa6-e777d055ced9,0.997829974,True,True,False
b7cc2a3b-c146-4dd8-9c0b-64fc80756022,5ddc2550-af26-4415-8f52-271db78f0164,0.988864362,False,True,False
5931acdc-1f09-4664-9259-66f5c8655df8,27f6faca-de01-4dfd-b20d-b691fa92c3a5,0.992022276,False,True,False
3fd40e2e-2ff5-49fa-976f-44eeac95d0cd,b4fc1dc0-fb54-4713-9d2b-b585da850c4d,0.998431981,True,True,False
dfedc544-ea78-4209-8e95-a1079817821c,71166268-aef4-4b1f-b7ea-4433f172ff5d,0.999365270,False,True,False
8fb312e3-3579-42a9-aaa6-e777d055ced9,e5bd4ed9-1851-4b65-9384-d7040cf4f49b,0.997829974,True,True,False
b4fc1dc0-fb54-4713-9d2b-b585da850c4d,3fd40e2e-2ff5-49fa-976f-44eeac95d0cd,0.998431981,True,True,False
7655b2cc-9d7d-4fe1-9d2a-71ce3d40a2c9,db613404-fa1b-4b53-a9bc-b5d73581b93b,0.997182250,False,True,False
af5b04b4-b822-4932-b6dd-e6f62330f92c,bb675ae6-d9e7-4a3a-8055-7e8f9506a9cf,0.989332795,False,True,False
4fee5b9f-07de-4074-a2d1-243f14d1501b,bb675ae6-d9e7-4a3a-8055-7e8f9506a9cf,0.995127678,False,True,False
a28fcea7-c928-4726-a1d6-08813ca38c21,c4c2ae47-384b-475c-aee4-479f33a59739,0.994765639,True,True,False
b7cd5eb7-4fec-49bd-a5d7-5b28a1007b19,92afb553-3cc7-4c15-bfc4-0cf17e2b62c9,0.996983588,False,True,False
5e38b26c-9e62-4245-93f8-c9d74ee4cb5d,b7cd5eb7-4fec-49bd-a5d7-5b28a1007b19,0.993870735,True,True,False
3838461c-1afb-43c9-b652-a45854bcb338,23f75a21-a02f-4e74-afc2-407c109e63e4,0.986398399,False,True,False
7c214df9-cb1d-4856-bf10-7a4964aa4e66,5931acdc-1f09-4664-9259-66f5c8655df8,0.985453606,True,True,False
7499722c-7656-4f07-8de1-dc0e24c05e2d,5ddc2550-af26-4415-8f52-271db78f0164,0.987730742,False,True,False
c4c2ae47-384b-475c-aee4-479f33a59739,a28fcea7-c928-4726-a1d6-08813ca38c21,0.994765639,True,True,False
a4702a88-77e5-44ca-a76f-394389689b26,bafad1b6-72d6-4dc2-835d-7c6b73d2d131,0.993407905,False,True,False
6bee6f19-bc04-4c96-a0ab-53b13c53a971,8f81afa7-37e0-48c7-838f-916e5ccecde3,0.990209043,False,True,False
f980c97f-5422-48be-aa41-2e191be8475c,d2f08a64-112a-41e3-8866-9a05aa9bf84d,0.993130744,True,True,False
6eb725b2-f32f-458b-9299-3272c8d10e03,85f595ce-f51e-4013-881f-69776b71e161,0.989740014,False,True,False
61283c33-f100-4cba-ae14-a69f5a1416f0,e47169b1-e1d0-42c3-815c-b5d372637388,0.989162564,False,True,False
85fb81cc-18ff-464a-8ee1-ec11e4463cef,9158f424-d7d7-4bdc-959e-94dce2fb14c1,0.997033000,False,True,False
d3ca7a56-d850-45f8-a7ee-58f93b68b9f8,853e2da7-5a8a-477a-841a-b9d94e1d1f0a,0.993389010,True,True,False
e00c975e-faa6-4efa-b6d3-955b31c9d658,e717a09f-c2ea-4a8d-a8d4-0434af2a1c15,0.984314680,False,True,False
f6744f4d-92fc-455f-bef2-df8b2c83acbe,ccb5b02e-38f1-47e2-84e4-13c3269f7709,0.999448180,False,True,False
d83b5212-0634-4b37-985a-5f804231222c,e7abbc8a-bed9-487e-9de2-9d4130092b44,0.992088139,False,True,False
737fd1e6-2dd8-413f-8905-1bb13654a9d4,57d6beec-5c31-40c0-b6ca-f6bcf486cf68,0.992670059,False,True,False
b9e63c83-a880-4472-9ada-7f92e5a99cf4,8f81afa7-37e0-48c7-838f-916e5ccecde3,0.991230369,False,True,False
6baab7d1-9230-443b-a180-e9acd89606fc,f40158bc-434a-45d6-8464-543e0fe30232,0.990633607,False,True,False
781deea2-ece5-4261-b8cd-daf169e4a0cc,63bdfcdc-8fbd-4cc8-ad76-ce719910b2d3,0.998477101,False,True,False
d875de14-c876-4eeb-a5a2-71fb1f55c6e0,f6744f4d-92fc-455f-bef2-df8b2c83acbe,0.998219013,True,True,False
6bad4248-3bda-4594-8555-0a283d4f8a69,88bf23c6-1bb5-4f8f-a288-e9837e711e9c,0.983908534,False,True,False
853e2da7-5a8a-477a-841a-b9d94e1d1f0a,d3ca7a56-d850-45f8-a7ee-58f93b68b9f8,0.993389010,True,True,False
e65da2c4-0900-4bc2-8049-38501383e5b3,853e2da7-5a8a-477a-841a-b9d94e1d1f0a,0.991123974,True,True,False
43ba7efc-8fa2-4002-98e5-0032a27cf212,79cde0b6-e247-4cc2-8651-cdbde9dc48a7,0.990566969,True,True,False
d2f08a64-112a-41e3-8866-9a05aa9bf84d,f40158bc-434a-45d6-8464-543e0fe30232,0.993735015,False,True,False
a8eeb696-3b3f-4f18-8904-a44e6d812404,781deea2-ece5-4261-b8cd-daf169e4a0cc,0.996991098,True,True,False
79cde0b6-e247-4cc2-8651-cdbde9dc48a7,52e2c15b-d20f-488a-9c49-70953c18943d,0.997130990,False,True,False
d277d7bd-1300-4540-8ad0-822a5606add3,d875de14-c876-4eeb-a5a2-71fb1f55c6e0,0.996921897,True,True,False
4d4b33af-56d9-455d-9253-0021510409c5,e47169b1-e1d0-42c3-815c-b5d372637388,0.995894253,False,True,False
d8627528-9926-4863-a69f-b6275447fc45,b59be1b6-8b6c-4a6a-86bc-54884096ff02,1.001537919,False,True,True
98a287e8-2948-4f40-9548-fea6050dbe86,83d6b341-65eb-4d7b-abef-8854ef11a8ed,1.000576735,True,True,True
71e64f6d-0eaf-40c2-af23-f535629f9e6f,b59be1b6-8b6c-4a6a-86bc-54884096ff02,1.001537919,False,True,True
11ec2b15-5c7c-4ea7-a0c1-afc482640b0b,48275430-431e-49d2-a494-58f97d156607,0.996769726,False,True,True
ab13a270-a928-4b3c-a009-11e6449426fc,7726ac5a-29d6-446a-be5a-df4a3ab672c2,1.001252055,False,True,False
46e5f1fc-b6a5-42ff-9478-cc9010ba428c,9776f3af-7844-4a44-96df-3363e8ffbf69,0.997993469,False,True,True
435e704b-f51b-408a-aa07-9319585eb65c,9776f3af-7844-4a44-96df-3363e8ffbf69,0.997993469,False,True,True
3d1c10bf-4dbb-4a3d-a3a7-91253b059f52,c6cca030-603c-4b4b-a7cd-be4b7e0789e5,0.998512268,False,True,False
9fbe356e-b930-4734-8c8e-821a64e8cbf1,9776f3af-7844-4a44-96df-3363e8ffbf69,0.997993469,False,True,True
0973be75-67b4-4047-b07d-d9f8e9843ac1,aedbb437-0ce1-4316-badd-804f0b8b86f5,0.999008000,False,True,True
1d5a9047-35fe-44a2-8466-8f25f62b067c,2b07a26c-1b8b-4de8-bdba-61a269226fe9,0.996970057,False,True,False
c76ae011-8ad2-4230-9917-e478299c9f2b,9fdbc4ff-3f9c-4cda-90c7-68f8b07189e6,1.000386477,True,True,True
fee0dbd9-f5ba-4922-8d12-cfbd41f529b0,9776f3af-7844-4a44-96df-3363e8ffbf69,0.997993469,False,True,True
72eefeb7-8136-4bba-96ca-ff938a2cdd9f,183ae0e8-a211-41c8-acc4-b8b742128ab1,0.999595642,False,True,True
9fdbc4ff-3f9c-4cda-90c7-68f8b07189e6,c76ae011-8ad2-4230-9917-e478299c9f2b,1.000386477,True,True,True
10b21ac2-ba85-4bbe-b493-dd84fb7d884e,9776f3af-7844-4a44-96df-3363e8ffbf69,0.997993469,False,True,True
5bb59108-8104-4288-b5e4-18fd4e7df707,9776f3af-7844-4a44-96df-3363e8ffbf69,0.997993469,False,True,True
3c3add3f-bfd8-497c-85dc-6374a52983dd,f83debdc-f2af-44e2-a444-f741607b0499,0.998271406,False,True,False
e2e32c34-7a27-4596-9d43-40c8bab63a11,b59be1b6-8b6c-4a6a-86bc-54884096ff02,0.998332620,False,True,False
d3a6523f-f77b-413c-9634-7c8301646ecd,c55c9e6f-3d72-44b1-9a8e-e0256a27d9b1,1.000018239,False,True,False
f438ec31-4780-4350-9ec4-b85d122733c0,e853a237-2587-480a-9ce3-c0f5b4f3ba5a,0.995004952,False,True,False
bfe2fbdc-eea4-493c-a701-cd6b9edf45d8,e853a237-2587-480a-9ce3-c0f5b4f3ba5a,1.002825499,False,True,True
6dd91824-847f-4bdd-b175-62f4dd3f92ce,b513544b-c5bb-42a7-a057-401b9a524ee3,0.994096518,False,True,False
a66423df-6ccb-4d43-94f1-a00b30efd8a5,7726ac5a-29d6-446a-be5a-df4a3ab672c2,1.002057195,False,True,True
c4d9c1f2-fd53-4519-bed8-8369cdee4a5e,aedbb437-0ce1-4316-badd-804f0b8b86f5,0.998100281,False,True,False
cc67d62f-40ba-43da-9c78-45340a0fac23,ab13a270-a928-4b3c-a009-11e6449426fc,1.000355601,True,True,False
54191608-6bad-4e84-aea8-af78f92b3a63,b59be1b6-8b6c-4a6a-86bc-54884096ff02,1.001537919,False,True,True
f1547626-91d3-429a-a230-39df3cba235f,9776f3af-7844-4a44-96df-3363e8ffbf69,0.997993469,False,True,True
08084ff1-6e10-410e-9782-9caebf48dd9e,9776f3af-7844-4a44-96df-3363e8ffbf69,0.997993469,False,True,True
9c5578e9-71e6-48e8-9661-46b3d73aa8e1,9776f3af-7844-4a44-96df-3363e8ffbf69,0.997993469,False,True,True
83d6b341-65eb-4d7b-abef-8854ef11a8ed,98a287e8-2948-4f40-9548-fea6050dbe86,1.000576735,True,True,True
8847a991-a986-4455-a6a7-d23107382c4d,aedbb437-0ce1-4316-badd-804f0b8b86f5,0.997092187,False,True,False
13c7c6ad-a1fa-4085-b5e0-465c23a88324,9e62edc9-9f36-47d4-aee7-9e552607d4b3,0.994297028,False,True,False
2379c20c-eee4-4a2d-bcef-6883d6905374,183ae0e8-a211-41c8-acc4-b8b742128ab1,0.999595642,False,True,True
1d3c0d0f-81ee-4147-a9b8-9d1677894b9d,7726ac5a-29d6-446a-be5a-df4a3ab672c2,1.002057195,False,True,True
772aba9a-0f0b-4853-9e7f-62c53c8047cd,c2c790ff-0db3-43b7-9262-56a045b2faee,0.999823689,False,True,True
dc997ee7-1816-4ab1-ac50-ec16fece4c9a,86e9b406-de51-45f3-8be5-e4a0040c270f,1.001726031,False,True,True
fc307431-64c6-4c84-b4aa-1e228a440c5b,86e9b406-de51-45f3-8be5-e4a0040c270f,1.001726031,False,True,True
c12786a3-f13e-425f-8e3a-de373bcd655d,86e9b406-de51-45f3-8be5-e4a0040c270f,1.001726031,False,True,True
16e8f799-ec0a-42a1-8d09-1d031d22914f,7726ac5a-29d6-446a-be5a-df4a3ab672c2,1.002057195,False,True,True
6c57061f-1765-4464-b2e0-437427a8b0e5,c2c790ff-0db3-43b7-9262-56a045b2faee,0.995504200,False,True,False
6a31cb9f-7bda-4045-b1d2-fc4f1bb5343e,7dc1d051-6a55-4d8b-8482-430dd4f8b991,0.986038089,False,True,False
cfb7976a-76a9-47b0-8886-02dfb9b7b557,dc3f5522-6793-4181-be0f-4394382480e9,0.995080113,True,True,False
c103a313-0657-431d-8ed5-12c247e5f075,dc3f5522-6793-4181-be0f-4394382480e9,0.992014885,True,True,False
287a101c-2cab-4617-8fe3-b3f5e7904c4a,c4f23f44-fb46-46a8-93d5-9b844bfb32a3,1.000634432,False,True,False
5f884561-aa96-4374-ac14-89b901e05312,5963ae67-3eef-41ae-a81d-827a3d3adfa0,1.000936151,False,True,True
ae2aa579-2d82-4a41-9b49-6d11d886a1b6,dc3f5522-6793-4181-be0f-4394382480e9,0.995904446,True,True,False
dc3f5522-6793-4181-be0f-4394382480e9,ae2aa579-2d82-4a41-9b49-6d11d886a1b6,0.995904446,True,True,False
d0887bf0-fe63-42f6-8eae-d31bd5bb3161,716ce154-f598-4e25-8e4a-9405d5d01e71,0.997861803,False,True,False
9a9de304-0f3b-47a4-bbed-597586837b26,329b51d3-4c91-4f82-823f-750e7262532a,0.999307215,False,True,False
c3c90e0d-2640-4a27-bd63-7bdb4a9c1dec,8d4613fd-b243-4501-af78-1b035aa56f68,0.999131382,False,True,False
da06ac3b-448d-48d8-943d-5efab04d603e,74bc644b-ec28-44dc-b743-0a80226093c8,1.001374841,False,True,True
9d4c5859-dc3c-404b-9bd1-ea5353af005c,79e73fa7-f0a1-4f4f-816d-8a8dfc9113e3,1.004380345,True,True,True
48b9b77e-4b9b-47c1-99e6-41ebf5eda5f6,e7f9f9bd-2707-4fc3-af37-ebf132fb6682,0.998654008,False,True,False
c47d98ed-cd51-49f8-bb17-c09efd538762,25b787a6-3eaa-45ce-9109-fbe2b51af7d0,1.000784516,False,True,True
67bc22b6-cab4-4893-9527-a20b9055e00f,25b787a6-3eaa-45ce-9109-fbe2b51af7d0,1.000784516,False,True,True
bd31c4b9-e992-4ffb-8154-12d16998658b,f79c2424-da75-437f-b650-824f66029f24,1.004383087,True,True,True
feff8d1b-bebd-4fb0-abfe-ee03d69fd0c4,c3903172-3ada-4993-9154-7b05f54b0e2b,0.996424794,False,True,True
fcfe7558-c3b9-4ccf-9b8c-c098381e2b75,b76c7825-4891-4107-b6dd-1ea18b0c0972,0.997637987,False,True,False
b5eaeb56-fbba-4322-b0c9-f4617db8a73c,25b787a6-3eaa-45ce-9109-fbe2b51af7d0,1.000784516,False,True,True
6a9b0c70-3a4c-44fd-95d3-c25148772d04,c8807566-ff8c-4ec2-a927-3c60b59ad182,1.000148535,True,True,False
e31ed0c7-8825-40b0-ba4a-83b438b9fe58,33a54ba1-9eff-4b04-a1d7-e6ba8bd3185b,0.996166468,True,True,True
4e99e8c9-1676-4be8-b99a-0680fed0b754,91d27313-ba1f-4d7e-80cb-821f1903ebc2,0.996698320,True,True,False
4bc56cc1-dd04-4ae6-8de8-1eb31e1c876f,25b787a6-3eaa-45ce-9109-fbe2b51af7d0,1.000784516,False,True,True
9bdadacf-207f-4fec-b7eb-acfcaf0ca0da,b76c7825-4891-4107-b6dd-1ea18b0c0972,0.997637987,False,True,False
d0809fb5-9ab6-4475-b837-03d7ce5449cc,25b787a6-3eaa-45ce-9109-fbe2b51af7d0,1.000784516,False,True,True
35ebd967-9868-4cd7-8ec3-a49e89fb9051,66247fd2-1283-42f9-abbe-a950c52b8473,0.981102467,True,True,False
197385bc-beaa-41f4-af60-2d2d66fbfa73,e207122f-1986-4a7e-9682-2469fae04360,0.995148599,True,True,False
f79c2424-da75-437f-b650-824f66029f24,bd31c4b9-e992-4ffb-8154-12d16998658b,1.004383087,True,True,True
c8807566-ff8c-4ec2-a927-3c60b59ad182,779d17ed-d961-4e8f-8b07-5f723c9bbe4f,1.002074122,True,True,True
53868c07-06fd-465f-8b52-a15f491dc734,b76c7825-4891-4107-b6dd-1ea18b0c0972,0.997637987,False,True,False
91d27313-ba1f-4d7e-80cb-821f1903ebc2,4e99e8c9-1676-4be8-b99a-0680fed0b754,0.996698320,True,True,False
e0fab9d3-9c8f-4a6c-ba5c-a40f6397de68,91d27313-ba1f-4d7e-80cb-821f1903ebc2,0.992005944,True,True,False
f0f4636f-3499-4066-876e-dd9549107341,b76c7825-4891-4107-b6dd-1ea18b0c0972,0.997637987,False,True,False
c87954ef-2f3f-482b-870a-d2a84cfd087d,25b787a6-3eaa-45ce-9109-fbe2b51af7d0,1.000784516,False,True,True
f694b9d9-4c4b-4e8b-8d77-e82025fba47d,25b787a6-3eaa-45ce-9109-fbe2b51af7d0,1.000784516,False,True,True
e4d3411e-c25c-46ee-b5c9-4d3a93cec4d5,197385bc-beaa-41f4-af60-2d2d66fbfa73,0.993084610,True,True,False
a92bc74d-523a-4f22-a6c8-0a21850b02ca,25b787a6-3eaa-45ce-9109-fbe2b51af7d0,1.000784516,False,True,True
79e73fa7-f0a1-4f4f-816d-8a8dfc9113e3,9d4c5859-dc3c-404b-9bd1-ea5353af005c,1.004380345,True,True,True
6711f40c-5489-486f-8dcd-8dfc96bcb0c4,91d27313-ba1f-4d7e-80cb-821f1903ebc2,0.969562411,True,True,False
4b22574c-03b0-41cf-8cc9-dec46010b912,25b787a6-3eaa-45ce-9109-fbe2b51af7d0,1.000784516,False,True,True
21941d75-f710-45a4-b4a3-ae577f0d339f,bd31c4b9-e992-4ffb-8154-12d16998658b,1.004383087,True,True,True
e207122f-1986-4a7e-9682-2469fae04360,197385bc-beaa-41f4-af60-2d2d66fbfa73,0.995148599,True,True,False
e7e24dde-0902-484b-8558-a9702d8dd0b4,bd31c4b9-e992-4ffb-8154-12d16998658b,0.984133005,True,True,False
fc95b31c-3338-4884-9733-a64ae59916cf,25b787a6-3eaa-45ce-9109-fbe2b51af7d0,1.000784516,False,True,True
5d1ea442-4b67-4d17-b9ba-644cf1607e3b,25b787a6-3eaa-45ce-9109-fbe2b51af7d0,1.000510931,False,True,False
98dbc799-2282-45c4-b154-7d9ffcd85d2e,25b787a6-3eaa-45ce-9109-fbe2b51af7d0,1.000784516,False,True,True
d0ffe79f-62c7-4d3d-a77e-b70c3e342346,bd31c4b9-e992-4ffb-8154-12d16998658b,1.004383087,True,True,True
c79e1293-e33c-460e-8d51-557aa97a55fd,e207122f-1986-4a7e-9682-2469fae04360,0.987844408,True,True,False
33a54ba1-9eff-4b04-a1d7-e6ba8bd3185b,e31ed0c7-8825-40b0-ba4a-83b438b9fe58,0.996166468,True,True,True
e2a016b9-efe0-4079-9583-a536514a0a45,bd31c4b9-e992-4ffb-8154-12d16998658b,0.997335434,True,True,False
66247fd2-1283-42f9-abbe-a950c52b8473,35ebd967-9868-4cd7-8ec3-a49e89fb9051,0.981102467,True,True,False
c1b04d1f-8e4d-4c27-9595-9f9df98d399e,e207122f-1986-4a7e-9682-2469fae04360,0.990622520,True,True,False
e8c251ea-0c7a-4251-8437-a2de353b5927,4e99e8c9-1676-4be8-b99a-0680fed0b754,0.991343617,True,True,False
779d17ed-d961-4e8f-8b07-5f723c9bbe4f,c8807566-ff8c-4ec2-a927-3c60b59ad182,1.002074122,True,True,True
c081ac94-7333-4d10-8225-ed3373baa1b8,bd31c4b9-e992-4ffb-8154-12d16998658b,1.004383087,True,True,True
502465fb-fed8-4164-ba6f-93b4111f7020,d8c30df5-b258-4e2f-b838-aa3a71ee602c,0.993854940,False,True,False
013241d9-d0d9-4bde-b54d-8b14e5ca10e7,8a4d82d6-669e-4130-9e19-b4c3f40dcd08,0.989974022,False,True,False
62595e7b-4f4c-449a-b1c4-72a59a675e27,8335190e-345e-488d-9fb1-34fde0c29863,0.993275166,True,True,False
54c799e2-f28a-4450-87ff-3312df30a96b,c8111761-ac73-424a-8378-b9ac07957006,0.995913446,False,True,False
4f6b51e3-12c2-4b9f-99a1-31acceb0ca7b,c8111761-ac73-424a-8378-b9ac07957006,0.995795608,False,True,False
50c95cb9-04f1-42d6-85ba-3f10e3d19211,90f7de68-59a8-49c6-813c-0967875a3476,1.000290990,False,True,False
d1f11556-ed97-4a03-8964-8cb7a9a4911f,90f7de68-59a8-49c6-813c-0967875a3476,0.998030126,False,True,False
e610d788-f81e-411b-97cc-f7f1746c06a2,c8111761-ac73-424a-8378-b9ac07957006,0.997279167,False,True,False
0e08a1ce-fd77-47a4-9dda-39d4522c4b3b,502465fb-fed8-4164-ba6f-93b4111f7020,0.992517948,True,True,False
0210b31c-66b8-40c4-962c-6b1ec1a01bcc,1e45abb8-8c01-45d0-a635-645f97ee262e,0.983920813,False,True,False
d91b036f-2946-4649-947a-35441160f33d,e8404dd4-7722-4da0-8a66-1d54455a30f5,0.996980608,False,True,False
fbf59d0e-321f-4c81-a8e2-a9817782b8ee,1e45abb8-8c01-45d0-a635-645f97ee262e,0.991854906,False,True,False
8335190e-345e-488d-9fb1-34fde0c29863,62595e7b-4f4c-449a-b1c4-72a59a675e27,0.993275166,True,True,False
06436017-9619-4f6a-8ed7-bc89775a48de,d1f11556-ed97-4a03-8964-8cb7a9a4911f,0.994135499,True,True,False
